STATE,ST_CASE,PVE_FORMS,VEH_NO,CrashDate,CrashTime,PMAN_COLL,PNUMOCCS,PTYPE,PHIT_RUN,PMODEL,PMODYEAR,PGVWR,PV_CONFIG,PHAZ_INV,PHAZ_ID,PVEH_SEV,PTOWED,PFIRE,PDEATHS
1,10076,1,2,13-Feb,10:09,0,0,4,0,481,2012,0,0,1,0,4,3,0,0
1,10234,1,2,11-May,16:00,0,1,2,0,441,1996,0,0,1,0,4,3,0,0
1,10278,1,2,04-Jun,03:29,0,1,2,0,481,2005,0,0,1,0,6,2,0,0
1,10278,1,3,04-Jun,03:29,0,0,2,0,404,2005,0,0,1,0,6,2,0,0
1,10305,1,2,19-Jun,16:09,0,1,2,0,881,2000,3,6,1,0,2,3,0,0
1,10305,1,3,19-Jun,16:09,0,0,2,0,481,2011,0,0,1,0,6,2,0,0
1,10322,2,3,20-Jun,12:15,6,0,2,0,999,9999,0,0,1,0,9,5,0,0
1,10468,1,2,26-Aug,13:25,0,2,2,0,481,2006,2,4,1,0,2,3,0,0
1,10493,1,2,07-Sep,18:45,0,0,3,0,401,1999,0,0,1,0,4,5,0,0
1,10512,1,2,14-Sep,09:59,0,0,2,0,422,1999,0,0,1,0,6,2,0,0
1,10558,1,2,02-Oct,08:53,0,0,3,0,481,2011,0,0,1,0,6,2,0,0
1,10576,1,2,21-Oct,04:00,0,0,2,0,402,2001,0,0,1,0,6,2,0,0
1,10584,2,3,25-Oct,20:30,6,2,3,0,32,2001,0,0,1,0,6,2,0,0
1,10596,1,2,12-Nov,12:48,0,1,2,0,881,2007,3,6,1,0,6,2,0,0
1,10608,1,2,16-Nov,10:20,0,1,4,0,881,2008,2,4,1,0,6,2,0,1
1,10649,1,2,27-Nov,12:15,0,1,2,0,482,2006,0,0,1,0,6,2,0,0
1,10694,1,2,21-Dec,16:20,0,0,3,0,32,2003,0,0,1,0,2,5,0,0
1,10712,2,3,04-Sep,14:15,1,0,2,0,441,2006,0,0,1,0,6,2,0,0
4,40002,1,2,01-Jan,09:02,0,1,2,0,32,2005,0,0,1,0,6,2,0,1
4,40002,1,3,01-Jan,09:02,0,1,2,0,23,2006,0,0,1,0,6,2,0,0
4,40067,3,4,05-Feb,09:25,6,0,3,0,421,2003,0,0,1,0,8,8,0,0
4,40131,1,2,02-Mar,17:12,0,0,3,0,421,2007,0,0,1,0,8,8,0,0
4,40131,1,3,02-Mar,17:12,0,0,3,0,37,2006,0,0,1,0,8,8,0,0
4,40131,1,4,02-Mar,17:12,0,0,3,0,422,2005,0,0,1,0,8,8,0,0
4,40131,1,5,02-Mar,17:12,0,0,3,0,441,2003,0,0,1,0,8,8,0,0
4,40153,1,2,15-Mar,17:26,0,0,2,0,481,2002,0,0,1,0,2,5,0,0
4,40170,1,2,26-Mar,21:02,0,0,3,0,884,2012,3,5,1,0,2,5,0,0
4,40178,1,2,30-Mar,16:55,0,0,2,0,52,2002,0,0,1,0,6,2,0,0
4,40178,1,3,30-Mar,16:55,0,0,2,0,16,2000,0,0,1,0,6,2,0,0
4,40178,1,4,30-Mar,16:55,0,0,2,0,481,2000,0,0,1,0,4,5,0,0
4,40178,1,5,30-Mar,16:55,0,0,2,0,404,2008,0,0,1,0,4,5,0,0
4,40178,1,6,30-Mar,16:55,0,0,2,0,2,2004,0,0,1,0,4,5,0,0
4,40272,1,2,25-Apr,07:48,0,0,2,0,481,1994,0,0,1,0,4,3,0,0
4,40303,1,2,25-May,17:00,0,0,2,0,16,1998,0,0,1,0,2,5,0,0
4,40339,1,2,14-May,20:15,0,0,2,0,481,2007,0,0,1,0,2,5,0,0
4,40339,1,3,14-May,20:15,0,0,2,0,481,2013,0,0,1,0,6,2,0,0
4,40343,1,2,16-May,04:36,0,0,3,0,481,1972,0,0,1,0,6,2,0,0
4,40350,2,3,24-May,22:00,99,0,3,0,999,9999,0,0,1,0,9,9,0,0
4,40350,2,4,24-May,22:00,99,0,3,0,999,9999,0,0,1,0,9,9,0,0
4,40382,1,2,19-Jun,16:57,0,2,2,0,881,2012,3,6,1,0,2,5,0,0
4,40433,1,2,09-Jul,16:29,0,1,2,0,481,2011,0,0,1,0,6,2,0,0
4,40438,2,3,12-Jul,20:22,1,0,2,0,881,9999,2,1,1,0,6,2,0,0
4,40448,1,2,27-Jul,06:07,0,1,2,0,881,2014,3,6,1,0,6,2,0,0
4,40590,1,2,05-Sep,21:33,0,0,3,0,481,1991,0,0,1,0,4,5,0,0
4,40613,1,2,27-Sep,01:23,0,0,3,0,42,2007,0,0,1,0,6,5,0,0
4,40613,1,3,27-Sep,01:23,0,0,3,0,51,2006,0,0,1,0,6,5,0,0
4,40613,1,4,27-Sep,01:23,0,0,3,0,46,2006,0,0,1,0,2,5,0,0
4,40613,1,5,27-Sep,01:23,0,0,3,0,34,2011,0,0,1,0,2,5,0,0
4,40613,1,6,27-Sep,01:23,0,0,3,0,34,2011,0,0,1,0,2,5,0,0
4,40613,1,7,27-Sep,01:23,0,0,3,0,471,2006,0,0,1,0,2,5,0,0
4,40613,1,8,27-Sep,01:23,0,0,3,0,48,2008,0,0,1,0,2,5,0,0
4,40670,2,3,19-Oct,16:27,6,0,3,0,37,2009,0,0,1,0,2,5,0,0
4,40726,1,2,29-Oct,23:53,0,0,3,0,40,1999,0,0,1,0,9,9,0,0
4,40726,1,3,29-Oct,23:53,0,0,3,0,422,1999,0,0,1,0,9,9,0,0
5,50308,1,2,22-Aug,04:45,0,2,2,0,884,2010,3,6,1,0,6,2,0,0
5,50308,1,3,22-Aug,04:45,0,1,2,0,884,2001,3,6,1,0,4,5,0,0
5,50311,1,2,24-Aug,17:15,0,1,2,0,998,2004,0,0,1,0,2,5,0,0
5,50341,2,3,15-Sep,18:49,1,0,3,0,401,2002,0,0,1,0,4,5,0,0
5,50358,2,3,15-Jun,08:01,6,0,3,0,473,2005,0,0,1,0,6,2,0,0
5,50413,1,2,06-Nov,01:58,0,0,3,0,46,2011,0,0,1,0,6,5,0,0
5,50413,1,3,06-Nov,01:58,0,0,3,0,37,2007,0,0,1,0,6,5,0,0
5,50413,1,4,06-Nov,01:58,0,0,3,0,403,2005,0,0,1,0,6,5,0,0
5,50413,1,5,06-Nov,01:58,0,0,3,0,421,2010,0,0,1,0,6,5,0,0
5,50413,1,6,06-Nov,01:58,0,0,3,0,421,2007,0,0,1,0,6,5,0,0
5,50413,1,7,06-Nov,01:58,0,0,3,0,402,2012,0,0,1,0,6,5,0,0
5,50413,1,8,06-Nov,01:58,0,0,3,0,471,2001,0,0,1,0,6,5,0,0
5,50413,1,9,06-Nov,01:58,0,0,3,0,472,2008,0,0,1,0,6,5,0,0
5,50413,1,10,06-Nov,01:58,0,0,3,0,472,2006,0,0,1,0,6,5,0,0
5,50413,1,11,06-Nov,01:58,0,0,3,0,472,2009,0,0,1,0,6,5,0,0
5,50413,1,12,06-Nov,01:58,0,0,3,0,481,2010,0,0,1,0,6,5,0,0
5,50451,1,2,30-Nov,19:57,0,0,2,0,481,1973,0,0,1,0,2,3,0,0
5,50480,1,2,29-Dec,16:55,0,0,3,0,999,9999,0,0,1,0,2,5,0,0
6,60067,1,2,13-Jan,06:10,0,1,2,0,981,2010,2,21,1,0,4,5,0,0
6,60090,1,2,15-Jan,13:50,0,1,3,0,881,2000,3,1,1,0,6,2,0,0
6,60098,1,2,21-Jan,17:50,0,0,2,0,31,2001,0,0,1,0,2,5,0,0
6,60100,1,2,17-Jan,07:05,0,0,2,0,890,2014,2,2,1,0,4,3,0,0
6,60100,1,3,17-Jan,07:05,0,0,2,0,472,2008,0,0,1,0,6,2,0,0
6,60100,1,4,17-Jan,07:05,0,1,2,0,482,2003,0,0,1,0,4,3,0,0
6,60109,2,3,23-Jan,04:24,98,0,2,0,28,2015,0,0,1,0,2,3,0,0
6,60150,2,3,26-Jan,12:01,7,0,2,0,881,2001,2,1,1,0,2,5,0,0
6,60192,1,1,28-Jan,03:00,0,0,2,0,881,1998,3,7,1,0,6,2,0,0
6,60258,2,3,03-Feb,22:18,2,0,2,0,482,2003,0,0,1,0,2,3,0,0
6,60276,1,2,18-Feb,12:23,0,0,2,0,401,2000,0,0,1,0,4,5,0,0
6,60298,1,2,15-Feb,21:45,0,0,2,0,32,2015,0,0,1,0,2,3,0,0
6,60299,2,3,18-Feb,06:21,6,0,2,0,43,2001,0,0,1,0,2,5,0,0
6,60314,1,2,20-Feb,21:31,0,0,2,0,883,2015,3,6,1,0,0,5,0,0
6,60370,1,2,06-Mar,21:08,0,0,2,0,34,2001,0,0,1,0,2,5,0,0
6,60371,2,3,28-Feb,19:10,6,0,2,0,471,1985,0,0,1,0,2,5,0,0
6,60409,1,2,06-Mar,16:54,0,0,2,0,51,2014,0,0,1,0,0,3,0,0
6,60438,1,2,10-Mar,05:39,0,0,2,0,32,2010,0,0,1,0,2,5,0,0
6,60447,2,3,04-Mar,12:14,6,0,2,0,47,2005,0,0,1,0,2,3,0,0
6,60451,1,2,03-Mar,14:12,0,0,4,0,881,2011,3,2,1,0,6,2,1,0
6,60487,2,2,18-Mar,13:05,0,0,2,0,471,1986,0,0,1,0,4,5,0,0
6,60487,2,3,18-Mar,13:05,0,0,2,0,47,2011,0,0,1,0,6,2,0,0
6,60603,2,3,31-Mar,16:50,6,0,2,0,442,2003,0,0,1,0,4,3,0,0
6,60603,2,4,31-Mar,16:50,6,0,2,0,37,2004,0,0,1,0,4,5,0,0
6,60613,1,2,28-Mar,20:13,0,0,2,0,401,2005,0,0,1,0,6,2,0,0
6,60613,1,3,28-Mar,20:13,0,0,2,0,401,2009,0,0,1,0,6,2,0,0
6,60617,1,2,29-Mar,22:57,0,0,2,0,471,1998,0,0,1,0,2,3,0,0
6,60617,1,3,29-Mar,22:57,0,0,2,0,481,1999,0,0,1,0,2,5,0,0
6,60624,2,3,24-Mar,13:42,6,0,2,0,402,1999,0,0,1,0,4,5,0,0
6,60624,2,4,24-Mar,13:42,6,0,2,0,443,2002,0,0,1,0,2,5,0,0
6,60625,1,2,05-Apr,18:41,0,0,2,0,31,1991,0,0,1,0,4,3,0,0
6,60632,2,3,07-Apr,13:38,6,0,3,0,31,2006,0,0,1,0,2,5,0,0
6,60667,1,2,09-Apr,14:30,0,0,2,0,422,2005,0,0,1,0,2,5,0,0
6,60670,1,2,05-Apr,03:20,0,0,2,0,481,1999,0,0,1,0,2,3,0,0
6,60780,1,2,10-May,23:17,0,0,3,0,27,2009,0,0,1,0,4,8,0,0
6,60786,2,3,12-Apr,22:50,6,0,2,0,35,2005,0,0,1,0,2,5,0,0
6,60786,2,4,12-Apr,22:50,6,0,2,0,40,1991,0,0,1,0,2,5,0,0
6,60797,1,2,10-Apr,13:09,0,1,3,0,31,2006,0,0,1,0,6,2,0,0
6,60797,1,3,10-Apr,13:09,0,0,3,0,403,1995,0,0,1,0,2,5,0,0
6,60797,1,4,10-Apr,13:09,0,0,3,0,442,2003,0,0,1,0,6,2,0,0
6,60847,1,2,12-Apr,03:00,0,0,2,0,403,2008,0,0,1,0,6,2,0,0
6,60883,1,2,27-Apr,22:12,0,0,2,0,481,2012,0,0,1,0,2,5,0,0
6,60914,1,2,29-Apr,17:21,0,1,2,0,881,2002,2,1,1,0,2,3,0,0
6,60935,1,2,30-Apr,14:19,0,0,2,0,882,2009,3,1,1,0,0,5,0,0
6,60940,1,2,25-Apr,03:20,0,0,2,0,881,2013,3,7,1,0,4,5,0,0
6,60953,1,2,09-May,11:08,0,0,2,0,402,2004,0,0,1,0,6,2,0,0
6,60955,1,2,09-May,13:49,0,0,2,0,471,1983,0,0,1,0,6,5,0,0
6,60955,1,3,09-May,13:49,0,0,2,0,481,2000,0,0,1,0,2,5,0,0
6,60958,1,2,02-May,18:51,0,0,2,0,33,1997,0,0,1,0,2,5,0,0
6,60968,1,2,14-May,14:40,0,1,2,0,881,2009,3,6,1,0,2,5,0,0
6,60975,1,2,13-May,15:05,0,0,2,0,31,1983,0,0,1,0,2,5,0,0
6,60984,3,3,01-May,14:35,6,0,2,0,401,2002,0,0,1,0,4,5,0,0
6,61033,1,2,05-Jun,14:51,0,0,2,0,38,2011,0,0,1,0,4,3,0,0
6,61034,1,2,18-May,12:21,0,0,3,0,422,2010,0,0,1,0,2,5,0,0
6,61035,1,2,07-Jun,21:37,0,0,2,0,46,2005,0,0,1,0,4,5,0,0
6,61037,2,3,19-May,06:35,2,0,3,0,481,2007,0,0,1,0,2,5,0,0
6,61047,1,2,24-May,05:55,0,0,3,0,47,2011,0,0,1,0,6,2,0,0
6,61061,3,2,31-May,01:59,0,0,2,1,401,2013,0,0,1,0,4,5,0,0
6,61061,3,3,31-May,01:59,0,0,2,0,481,2003,0,0,1,0,2,5,0,0
6,61118,1,2,04-Jul,06:35,0,3,2,0,35,2014,0,0,1,0,6,2,0,1
6,61122,1,2,08-Jul,19:30,0,0,2,0,481,1997,0,0,1,0,2,3,0,0
6,61122,1,3,08-Jul,19:30,0,0,2,0,898,9999,2,1,1,0,9,3,0,0
6,61123,1,2,09-Jul,14:43,0,0,2,0,482,2006,0,0,1,0,6,5,0,0
6,61180,1,2,13-Jul,19:45,0,0,2,0,421,2000,0,0,1,0,4,3,0,0
6,61187,2,3,21-Jul,14:55,6,0,2,0,31,2014,0,0,1,0,6,2,0,0
6,61242,2,3,17-Jun,12:50,2,0,2,0,421,2000,0,0,1,0,0,5,0,0
6,61257,1,2,18-Jun,03:51,0,0,3,0,481,1999,0,0,1,0,2,5,0,0
6,61286,3,4,24-Jun,09:40,2,0,2,0,51,2005,0,0,1,0,0,5,0,0
6,61286,3,5,24-Jun,09:40,2,0,2,0,421,1990,0,0,1,0,6,2,0,0
6,61286,3,6,24-Jun,09:40,2,0,2,0,421,1998,0,0,1,0,4,5,0,0
6,61286,3,7,24-Jun,09:40,2,0,2,0,404,2005,0,0,1,0,6,2,0,0
6,61307,1,2,26-Apr,00:40,0,3,2,0,47,2015,0,0,1,0,6,2,0,0
6,61307,1,3,26-Apr,00:40,0,0,2,0,36,2002,0,0,1,0,4,3,0,0
6,61325,2,3,28-May,18:44,7,0,3,0,471,2006,0,0,1,0,2,5,0,0
6,61341,1,2,30-Jul,16:15,0,0,2,0,881,2015,3,4,1,0,2,5,0,0
6,61356,1,2,23-May,21:43,0,0,2,0,404,2010,0,0,1,0,8,5,0,0
6,61357,1,2,23-May,15:30,0,0,2,0,35,1999,0,0,1,0,4,5,0,0
6,61357,1,3,23-May,15:30,0,0,2,0,403,2005,0,0,1,0,2,5,0,0
6,61369,1,2,19-Apr,02:50,0,0,2,0,401,2003,0,0,1,0,4,3,0,0
6,61369,1,3,19-Apr,02:50,0,0,2,0,32,2014,0,0,1,0,2,5,0,0
6,61376,1,2,13-Jun,06:20,0,2,2,0,31,2015,0,0,1,0,6,2,0,1
6,61376,1,3,13-Jun,06:20,0,2,2,0,481,2002,0,0,1,0,6,2,0,0
6,61391,1,2,08-Aug,02:45,0,0,3,0,471,2004,0,0,1,0,6,5,0,0
6,61394,1,2,13-Jul,21:57,0,1,2,0,46,2013,0,0,1,0,6,2,0,1
6,61421,1,1,08-Jul,14:15,0,1,2,0,881,2004,2,1,1,0,6,2,0,0
6,61422,1,2,08-Aug,02:15,0,0,2,0,881,2013,2,1,1,0,2,5,0,0
6,61428,1,2,13-Aug,13:57,0,0,2,0,32,1988,0,0,1,0,6,2,0,0
6,61449,1,2,17-Aug,15:32,0,0,2,0,471,1994,0,0,1,0,6,2,0,0
6,61483,1,2,04-Aug,19:35,0,0,3,0,47,2014,0,0,1,0,2,5,0,0
6,61493,1,2,25-Aug,00:15,0,0,3,0,481,1989,0,0,1,0,6,5,0,0
6,61493,1,3,25-Aug,00:15,0,0,3,0,401,2003,0,0,1,0,6,5,0,0
6,61493,1,4,25-Aug,00:15,0,0,3,0,43,2000,0,0,1,0,4,5,0,0
6,61506,1,2,15-Jun,20:52,0,0,3,0,34,2011,0,0,1,0,6,2,0,0
6,61512,1,2,30-Aug,23:35,0,0,2,0,46,2005,0,0,1,0,2,5,0,0
6,61528,1,2,10-Sep,02:00,0,0,2,0,402,2001,0,0,1,0,2,5,0,0
6,61528,1,3,10-Sep,02:00,0,0,2,0,32,2008,0,0,1,0,6,2,0,0
6,61528,1,4,10-Sep,02:00,0,0,2,0,4,1993,0,0,1,0,6,2,0,0
6,61595,1,2,31-Aug,07:23,0,0,2,0,52,2006,0,0,1,0,6,2,0,0
6,61616,1,2,26-Sep,02:20,0,0,2,0,46,2010,0,0,1,0,6,2,0,0
6,61616,1,3,26-Sep,02:20,0,0,2,0,22,2007,0,0,1,0,4,3,0,0
6,61627,2,3,03-Oct,09:25,1,0,2,0,23,2009,0,0,1,0,2,5,0,0
6,61673,1,2,25-Oct,22:14,0,0,3,0,5,2004,0,0,1,0,4,5,0,0
6,61673,1,3,25-Oct,22:14,0,0,3,0,33,2012,0,0,1,0,2,5,0,0
6,61690,2,3,18-Sep,11:06,6,0,3,0,48,2004,0,0,1,0,2,5,0,0
6,61692,1,2,02-Oct,18:06,0,0,2,0,881,2005,3,6,1,0,4,3,0,0
6,61702,1,2,26-Sep,13:40,0,0,3,0,442,1998,0,0,1,0,0,5,0,0
6,61705,1,2,15-Nov,08:43,0,0,3,0,31,2005,0,0,1,0,6,5,0,0
6,61720,1,2,12-Nov,01:33,0,0,3,0,47,2002,0,0,1,0,6,2,0,0
6,61732,1,2,03-Nov,23:13,0,0,2,0,401,1993,0,0,1,0,6,2,0,0
6,61763,4,5,17-Oct,02:30,6,2,2,0,32,2013,0,0,1,0,6,8,0,0
6,61763,4,6,17-Oct,02:30,6,0,2,0,40,2012,0,0,1,0,8,8,0,0
6,61891,2,3,09-Jul,21:44,6,0,2,0,43,2005,0,0,1,0,6,5,0,0
6,61891,2,4,09-Jul,21:44,6,0,2,0,18,2014,0,0,1,0,4,5,0,0
6,61898,1,2,16-Oct,15:07,0,0,2,0,31,2014,0,0,1,0,4,5,0,0
6,61898,1,3,16-Oct,15:07,0,0,2,0,421,1999,0,0,1,0,4,5,0,0
6,61898,1,4,16-Oct,15:07,0,0,2,0,31,1998,0,0,1,0,2,5,0,0
6,61900,2,3,11-Apr,21:28,6,0,2,0,472,2014,0,0,1,0,4,5,0,0
6,61900,2,4,11-Apr,21:28,6,0,2,0,32,1996,0,0,1,0,2,5,0,0
6,61970,1,2,29-Nov,17:53,0,0,2,0,32,2004,0,0,1,0,2,5,0,0
6,62013,1,2,15-Nov,18:23,0,0,2,0,441,2006,0,0,1,0,2,5,0,0
6,62166,1,2,07-Sep,16:45,0,0,2,0,881,2011,3,6,1,0,2,5,0,0
6,62166,1,3,07-Sep,16:45,0,0,2,0,881,2002,2,1,1,0,2,5,0,0
6,62177,1,2,28-Feb,02:46,0,1,3,0,881,2008,2,1,1,0,6,2,0,0
6,62211,1,2,03-Apr,13:55,0,0,2,0,42,1996,0,0,1,0,2,5,0,0
6,62248,1,2,11-Jun,13:51,0,0,2,0,46,1999,0,0,1,0,4,5,0,0
6,62340,1,2,21-Oct,06:09,0,0,2,0,481,1995,0,0,1,0,6,2,0,0
6,62347,3,3,24-Dec,21:40,1,2,2,0,401,1999,0,0,1,0,4,3,0,0
6,62349,1,1,04-Nov,08:25,0,1,2,0,881,2010,3,6,1,0,4,8,0,0
6,62355,1,2,26-Sep,23:30,0,0,2,0,884,2008,3,19,1,0,2,5,0,0
6,62359,1,2,14-Mar,05:20,0,0,2,0,40,1996,0,0,1,0,2,5,0,0
6,62362,1,2,17-Apr,01:24,0,0,3,0,399,1979,0,0,1,0,4,5,0,0
6,62383,1,2,09-Sep,02:28,0,0,2,0,881,2009,3,6,1,0,2,5,0,0
6,62387,2,3,26-Dec,12:27,8,0,3,0,881,2015,3,6,1,0,4,5,0,0
6,62406,1,2,20-Feb,15:36,0,0,2,0,401,1999,0,0,1,0,4,5,0,0
6,62406,1,3,20-Feb,15:36,0,0,2,0,481,1997,0,0,1,0,6,2,0,0
6,62406,1,4,20-Feb,15:36,0,0,2,0,401,1998,0,0,1,0,4,5,0,0
6,62453,1,2,22-Jun,01:25,0,1,2,0,881,2009,3,7,1,0,2,3,0,0
6,62458,1,2,05-Jul,02:45,0,0,2,0,3,2001,0,0,1,0,6,5,0,0
6,62582,2,3,15-Oct,14:00,1,0,4,0,884,2013,2,2,1,0,2,3,0,0
6,62582,2,4,15-Oct,14:00,1,0,4,0,481,1996,0,0,1,0,2,3,0,0
6,62614,2,3,18-Oct,18:55,0,0,3,0,421,2014,0,0,1,0,4,5,0,0
6,62614,2,4,18-Oct,18:55,0,0,3,0,3,2002,0,0,1,0,2,5,0,0
6,62625,1,2,01-Nov,19:10,0,0,2,0,31,2000,0,0,1,0,6,5,0,0
6,62641,1,2,19-Sep,02:52,0,0,3,0,47,2003,0,0,1,0,2,5,0,0
6,62652,1,2,14-Dec,10:15,0,0,2,0,40,2011,0,0,1,0,2,5,0,0
6,62666,1,2,06-Dec,02:54,0,0,2,0,881,2003,3,6,1,0,2,5,0,0
6,62705,1,2,19-Sep,00:17,0,0,2,0,481,2002,0,0,1,0,2,5,0,0
6,62705,1,3,19-Sep,00:17,0,0,2,0,998,2006,0,0,1,0,2,5,0,0
6,62712,1,2,15-Oct,08:10,0,0,2,0,481,2000,0,0,1,0,4,3,0,0
6,62719,1,2,02-Apr,10:01,0,0,2,0,402,2015,0,0,1,0,2,5,0,0
6,62734,1,2,01-Oct,02:35,0,0,3,0,881,2016,3,2,1,0,4,3,0,0
6,62741,1,2,17-Oct,01:10,0,0,2,0,881,2004,3,6,1,0,2,5,0,0
6,62741,1,3,17-Oct,01:10,0,0,2,0,881,2008,3,6,1,0,4,5,0,0
6,62744,1,2,03-Dec,05:15,0,0,2,0,421,2001,0,0,1,0,4,3,0,0
6,62748,4,4,03-Dec,13:50,2,1,2,0,734,2010,0,0,1,0,2,5,0,0
6,62750,1,2,01-Oct,19:53,0,0,3,0,34,1999,0,0,1,0,4,5,0,0
6,62750,1,3,01-Oct,19:53,0,0,3,0,32,1988,0,0,1,0,4,5,0,0
6,62753,1,2,12-Dec,08:35,0,0,2,0,481,2007,0,0,1,0,4,3,0,0
6,62755,1,2,15-Dec,05:30,0,0,2,0,31,1993,0,0,1,0,2,3,0,0
6,62761,1,2,02-Dec,10:50,0,0,3,0,481,2015,0,0,1,0,4,5,0,0
6,62762,1,2,23-Sep,00:18,0,1,2,0,40,2002,0,0,1,0,6,2,0,1
6,62774,1,2,28-Oct,15:11,0,1,2,0,31,1995,0,0,1,0,4,8,0,0
6,62774,1,3,28-Oct,15:11,0,1,2,0,466,1987,0,0,1,0,2,8,0,0
6,62816,2,3,22-Nov,00:30,2,0,2,0,706,2006,0,0,1,0,6,2,0,0
6,62816,2,4,22-Nov,00:30,2,0,2,0,706,2000,0,0,1,0,6,2,0,0
6,62816,2,5,22-Nov,00:30,2,0,2,0,706,2004,0,0,1,0,6,2,0,0
6,62816,2,6,22-Nov,00:30,2,0,2,0,705,2004,0,0,1,0,6,2,0,0
6,62816,2,7,22-Nov,00:30,2,0,2,0,705,2007,0,0,1,0,6,2,0,0
6,62816,2,8,22-Nov,00:30,2,0,2,0,706,2002,0,0,1,0,6,2,0,0
6,62819,2,3,25-Aug,22:56,0,0,2,0,441,2006,0,0,1,0,2,3,0,0
6,62833,1,2,20-Nov,12:12,0,1,2,0,881,2007,3,6,1,0,4,5,0,0
6,62858,2,3,15-Mar,00:40,6,0,2,0,401,2014,0,0,1,0,2,5,0,0
6,62858,2,4,15-Mar,00:40,6,0,2,0,28,2015,0,0,1,0,2,5,0,0
6,62875,1,2,11-Dec,18:57,0,0,2,0,9,2015,0,0,1,0,6,2,0,0
6,62904,2,3,03-Feb,19:52,6,0,2,0,999,9999,0,0,1,0,8,5,0,0
6,62926,1,2,12-Sep,15:30,0,0,2,0,40,2004,0,0,1,0,6,5,0,0
6,62930,2,3,27-May,18:04,6,0,2,0,35,1999,0,0,1,0,2,5,0,0
6,62931,1,2,30-Aug,20:29,0,0,2,0,442,1998,0,0,1,0,4,3,0,0
6,62931,1,3,30-Aug,20:29,0,2,2,0,442,1989,0,0,1,0,4,5,0,0
8,80002,1,2,03-Jan,14:41,0,3,2,0,481,2007,0,0,1,0,4,3,0,0
8,80032,1,2,30-Jan,19:57,0,0,2,0,29,2013,0,0,1,0,4,5,0,0
8,80143,1,2,28-Apr,01:07,0,0,3,0,40,2006,0,0,1,0,2,5,0,0
8,80143,1,3,28-Apr,01:07,0,0,2,0,461,1993,0,0,1,0,6,2,0,0
8,80151,1,2,25-Jan,01:23,0,0,2,0,7,2005,0,0,1,0,6,2,0,0
8,80151,1,3,25-Jan,01:23,0,0,2,0,47,2001,0,0,1,0,8,8,0,0
8,80188,2,3,19-May,17:48,0,0,2,0,40,2004,0,0,1,0,6,2,0,0
8,80221,1,2,23-Jun,16:17,0,0,2,0,16,1999,0,0,1,0,6,2,0,0
8,80221,1,3,23-Jun,16:17,0,0,2,0,461,1999,0,0,1,0,6,8,0,0
8,80294,4,5,03-Aug,06:33,1,0,2,0,51,2010,0,0,1,0,6,8,0,0
8,80294,4,6,03-Aug,06:33,1,0,2,0,34,1997,0,0,1,0,6,8,0,0
8,80443,1,2,25-Jul,01:50,0,0,3,0,35,2005,0,0,1,0,6,8,0,0
8,80443,1,3,25-Jul,01:50,0,0,3,0,403,2013,0,0,1,0,6,8,0,0
9,90012,1,2,08-Mar,21:17,0,0,2,0,472,2001,0,0,1,0,6,2,0,0
9,90033,2,2,03-Jan,14:57,0,2,2,0,25,2007,0,0,1,0,6,2,0,0
9,90071,1,1,03-Jan,15:44,0,0,2,0,32,2003,0,0,1,0,6,2,0,0
9,90114,1,2,15-Sep,16:41,0,0,2,0,37,2013,0,0,1,0,6,2,0,0
9,90114,1,3,15-Sep,16:41,0,0,2,0,32,2014,0,0,1,0,4,3,0,0
9,90124,1,2,21-Sep,18:13,0,0,3,0,32,1999,0,0,1,0,9,9,0,0
9,90181,2,3,25-Dec,01:30,6,0,2,0,35,2010,0,0,1,0,6,2,0,0
9,90181,2,4,25-Dec,01:30,6,0,2,0,421,2007,0,0,1,0,2,5,0,0
10,100084,1,1,25-Dec,01:31,0,0,2,0,881,2010,3,6,1,0,6,2,0,0
11,110003,1,2,22-Mar,03:12,0,0,2,0,898,2000,3,19,1,0,2,5,0,0
11,110011,1,2,14-Jul,22:18,0,0,2,0,470,1998,0,0,1,0,2,3,0,0
12,120112,1,2,22-Jan,21:35,0,1,2,0,884,1998,3,6,1,0,6,2,0,0
12,120138,1,2,27-Jan,23:06,0,0,2,0,471,1993,0,0,1,0,4,3,0,0
12,120181,2,3,04-Feb,15:12,0,1,2,0,41,2001,0,0,1,0,6,2,0,0
12,120249,1,2,22-Feb,01:02,0,0,3,0,473,2005,0,0,1,0,4,5,0,0
12,120249,1,3,22-Feb,01:02,0,0,3,0,404,2013,0,0,1,0,2,5,0,0
12,120271,1,2,14-Jan,14:00,0,5,3,0,43,1999,0,0,1,0,6,2,0,0
12,120284,2,3,27-Feb,09:35,6,0,3,0,421,2000,0,0,1,0,4,5,0,0
12,120392,1,2,21-Mar,00:35,0,0,3,0,53,2007,0,0,1,0,2,5,0,0
12,120392,1,3,21-Mar,00:35,0,0,3,0,43,2013,0,0,1,0,2,5,0,0
12,120392,1,4,21-Mar,00:35,0,0,3,0,31,2009,0,0,1,0,2,5,0,0
12,120411,1,2,23-Mar,02:30,0,0,3,0,50,2007,0,0,1,0,4,5,0,0
12,120447,1,2,16-Jan,02:18,0,0,2,0,51,2005,0,0,1,0,6,2,1,0
12,120447,1,3,16-Jan,02:18,0,0,2,0,40,2002,0,0,1,0,6,2,1,0
12,120497,2,3,17-Jan,09:53,1,0,3,0,32,2003,0,0,1,0,6,2,0,0
12,120523,2,3,02-Apr,13:45,6,0,2,0,884,2007,3,2,1,0,4,5,0,0
12,120565,1,2,12-Apr,18:26,0,0,3,0,51,2012,0,0,1,0,2,5,0,0
12,120573,1,2,10-Apr,16:55,0,1,2,0,1,2003,0,0,1,0,4,3,0,0
12,120664,1,2,18-Apr,01:37,0,0,3,0,43,2010,0,0,1,0,6,2,0,0
12,120664,1,3,18-Apr,01:37,0,0,3,0,481,2005,0,0,1,0,6,2,0,0
12,120684,1,2,26-Apr,02:47,0,0,2,0,16,2003,0,0,1,0,4,5,0,0
12,120723,1,1,29-Apr,23:53,0,0,2,0,32,2006,0,0,1,0,6,2,0,0
12,120733,1,2,01-Jan,20:31,0,0,3,0,51,2006,0,0,1,0,4,5,0,0
12,120733,1,3,01-Jan,20:31,0,0,3,0,1,2000,0,0,1,0,2,5,0,0
12,120758,1,2,18-Jan,15:00,0,0,3,0,881,1999,3,6,1,0,2,5,0,0
12,120868,2,3,12-May,19:49,6,0,3,0,481,1997,0,0,1,0,6,5,0,0
12,120890,2,3,24-Jan,01:14,6,0,3,0,421,1997,0,0,1,0,4,5,0,0
12,120890,2,4,24-Jan,01:14,6,0,3,0,401,2001,0,0,1,0,4,5,0,0
12,120897,1,2,07-May,14:14,0,1,4,0,998,2013,0,0,1,0,6,2,0,1
12,120914,1,1,16-May,07:10,0,1,2,0,3,2008,0,0,1,0,6,2,0,0
12,120922,1,2,18-Apr,07:25,0,0,3,0,401,2008,0,0,1,0,4,5,0,0
12,120992,1,2,30-May,18:41,0,0,3,0,32,2011,0,0,1,0,4,5,0,0
12,121056,2,3,10-Jun,15:00,1,0,3,0,3,1994,0,0,1,0,2,5,0,0
12,121069,1,2,28-May,01:12,0,0,3,0,31,2009,0,0,1,0,4,3,0,0
12,121109,1,2,08-Jun,01:31,0,0,3,0,421,2007,0,0,1,0,4,5,0,0
12,121130,1,2,08-Jun,23:12,0,0,2,0,482,2007,0,0,1,0,6,2,0,0
12,121196,1,2,16-Jun,15:04,0,0,3,0,422,2005,0,0,1,0,4,5,0,0
12,121222,1,2,30-Jun,21:53,0,0,2,0,481,2004,0,0,1,0,2,5,0,0
12,121222,1,3,30-Jun,21:53,0,0,2,0,701,2013,0,0,1,0,2,5,0,0
12,121222,1,4,30-Jun,21:53,0,0,2,0,403,2006,0,0,1,0,2,5,0,0
12,121227,2,3,03-Jul,19:10,6,0,3,0,35,2001,0,0,1,0,2,5,0,0
12,121283,1,2,11-Jul,15:10,0,0,2,0,1,2008,0,0,1,0,2,5,0,0
12,121283,1,3,11-Jul,15:10,0,0,2,0,472,2006,0,0,1,0,2,3,0,0
12,121283,1,4,11-Jul,15:10,0,0,2,0,402,1998,0,0,1,0,2,3,0,0
12,121331,2,3,01-Jul,22:32,0,0,2,0,37,2004,0,0,1,0,6,2,0,0
12,121384,1,2,25-Jul,02:05,0,0,3,0,2,2005,0,0,1,0,4,5,0,0
12,121384,1,3,25-Jul,02:05,0,0,3,0,40,2013,0,0,1,0,4,5,0,0
12,121514,1,2,16-Aug,03:00,0,0,3,0,441,2001,0,0,1,0,6,2,0,0
12,121514,1,3,16-Aug,03:00,0,0,3,0,403,2008,0,0,1,0,4,5,0,0
12,121514,1,4,16-Aug,03:00,0,0,3,0,401,1987,0,0,1,0,4,5,0,0
12,121614,1,2,26-Aug,01:27,0,0,3,0,35,2006,0,0,1,0,6,5,0,0
12,121669,1,2,30-Aug,00:05,0,0,2,0,442,2005,0,0,1,0,6,2,0,0
12,121840,2,3,11-Sep,12:30,7,0,2,0,36,2003,0,0,1,0,4,5,0,0
12,121850,1,2,03-Oct,04:02,0,0,3,0,401,1999,0,0,1,0,6,2,0,0
12,121850,1,3,03-Oct,04:02,0,0,3,0,31,2009,0,0,1,0,6,2,0,0
12,121955,2,2,09-Aug,00:10,0,0,2,0,32,2006,0,0,1,0,2,5,0,0
12,122008,5,6,23-Aug,17:25,1,0,3,0,482,2004,0,0,1,0,4,5,0,0
12,122008,5,7,23-Aug,17:25,1,0,3,0,461,2007,0,0,1,0,4,5,0,0
12,122008,5,8,23-Aug,17:25,1,0,3,0,401,2003,0,0,1,0,2,5,0,0
12,122151,2,2,13-Sep,06:35,0,1,2,0,890,2016,3,6,1,0,6,2,0,0
12,122267,1,2,22-Nov,07:35,0,1,3,0,481,2007,0,0,1,0,4,5,0,0
12,122310,1,2,21-Nov,21:40,0,0,2,0,37,2010,0,0,1,0,2,5,0,0
12,122445,1,2,29-Nov,01:45,0,0,2,0,421,1998,0,0,1,0,2,5,0,0
12,122489,1,2,25-Oct,06:40,0,0,2,0,884,2013,3,6,1,0,4,5,0,0
12,122537,1,2,24-Dec,05:30,0,0,3,0,55,2015,0,0,1,0,9,3,0,0
12,122550,1,2,11-Dec,11:28,0,0,2,0,884,2007,3,2,1,0,6,2,0,0
12,122609,2,3,29-Dec,01:52,1,0,2,0,998,2015,3,2,1,0,2,5,0,0
12,122647,1,2,12-Dec,00:53,0,0,3,0,402,2008,0,0,1,0,4,3,0,0
12,122672,1,2,04-Nov,23:25,0,0,3,0,471,2001,0,0,1,0,2,5,0,0
12,122724,2,3,30-Sep,12:20,6,0,2,0,402,2005,0,0,1,0,6,2,0,0
12,122724,2,4,30-Sep,12:20,6,0,2,0,31,2014,0,0,1,0,4,5,0,0
12,122724,2,5,30-Sep,12:20,6,0,2,0,51,2015,0,0,1,0,4,5,0,0
12,122724,2,6,30-Sep,12:20,6,0,2,0,443,2000,0,0,1,0,6,2,0,0
12,122799,2,3,04-Apr,18:00,6,0,3,0,35,2015,0,0,1,0,4,5,0,0
13,130004,2,3,02-Jan,13:03,2,0,3,0,481,2010,0,0,1,0,2,5,0,0
13,130059,1,2,20-Jan,16:31,0,0,2,0,881,2006,2,1,1,0,6,2,0,0
13,130059,1,3,20-Jan,16:31,0,0,2,0,481,2012,0,0,1,0,6,2,0,0
13,130100,1,2,01-Feb,23:45,0,0,3,0,399,1986,0,0,1,0,9,5,0,0
13,130118,1,2,07-Feb,03:07,0,0,3,0,39,2004,0,0,1,0,6,2,0,0
13,130160,1,2,20-Feb,03:38,0,1,2,0,884,2006,3,6,1,0,6,2,0,0
13,130285,1,2,27-Mar,10:45,0,0,3,0,998,9999,0,0,1,0,4,5,0,0
13,130418,1,2,24-Mar,14:08,0,0,3,0,401,1994,0,0,1,0,4,8,0,0
13,130473,2,3,16-Apr,13:02,6,0,3,0,2,2003,0,0,1,0,4,3,0,0
13,130748,2,3,04-Aug,13:54,6,0,3,0,422,2001,0,0,1,0,6,2,0,0
13,130766,1,2,09-Aug,22:09,0,0,3,0,18,2012,0,0,1,0,6,8,0,0
13,130766,1,3,09-Aug,22:09,0,0,3,0,31,2005,0,0,1,0,4,8,0,0
13,130940,1,2,26-Sep,18:53,0,1,2,0,884,2009,3,6,1,0,4,3,0,0
13,130947,1,2,26-Sep,11:28,0,0,2,0,16,2011,0,0,1,0,6,2,0,0
13,130977,1,2,04-Oct,00:47,0,0,2,0,999,9999,0,0,1,0,9,9,0,0
13,131039,1,2,21-Oct,11:20,0,0,3,0,34,2006,0,0,1,0,6,5,0,0
13,131059,2,2,25-Oct,02:49,0,0,2,0,443,1995,0,0,1,0,6,2,0,0
13,131082,2,2,31-Oct,01:10,0,0,2,0,461,2005,0,0,1,0,6,2,0,0
13,131129,1,2,10-Nov,21:35,0,4,2,0,442,2008,0,0,1,0,6,2,0,0
13,131151,1,2,16-Nov,17:17,0,0,3,0,37,2015,0,0,1,0,4,8,0,0
13,131256,3,2,15-Dec,00:25,0,1,2,0,808,2008,2,1,1,0,4,3,0,0
13,131307,2,3,25-Dec,00:05,6,0,3,0,20,1999,0,0,1,0,2,8,0,0
13,131332,1,2,07-May,14:40,0,0,3,0,402,2002,0,0,1,0,9,8,0,0
15,150010,1,2,17-Jan,00:55,0,0,2,0,43,2004,0,0,1,0,4,5,0,0
15,150010,1,3,17-Jan,00:55,0,2,2,0,27,2010,0,0,1,0,4,9,0,0
15,150010,1,4,17-Jan,00:55,0,0,2,0,39,1995,0,0,1,0,4,9,0,0
15,150010,1,5,17-Jan,00:55,0,0,2,0,2,2005,0,0,1,0,4,9,0,0
15,150022,2,3,09-Apr,08:44,1,0,3,0,40,1998,0,0,1,0,6,2,0,0
15,150022,2,4,09-Apr,08:44,1,0,3,0,402,2004,0,0,1,0,6,2,0,0
15,150022,2,5,09-Apr,08:44,1,0,3,0,42,2012,0,0,1,0,2,3,0,0
15,150022,2,6,09-Apr,08:44,1,0,3,0,40,2000,0,0,1,0,2,3,0,0
16,160008,1,2,05-Feb,21:59,0,0,2,0,471,1989,0,0,1,0,4,5,0,0
17,170057,1,2,17-Feb,14:40,0,1,2,0,481,2005,0,0,1,0,9,5,0,0
17,170075,1,2,07-Mar,23:35,0,0,3,0,23,2007,0,0,1,0,6,2,0,0
17,170086,1,1,08-Apr,16:26,0,1,2,0,43,1999,0,0,1,0,6,2,0,1
17,170146,1,2,07-Mar,02:43,0,1,2,0,884,2005,3,6,1,0,2,3,0,0
17,170149,1,2,03-Apr,15:34,0,1,2,0,881,2004,3,6,1,0,0,5,0,0
17,170155,1,2,27-Feb,07:00,0,1,2,0,51,2015,0,0,1,0,6,2,0,1
17,170164,1,2,05-Mar,13:20,0,0,3,0,35,2010,0,0,1,0,8,2,0,0
17,170164,1,3,05-Mar,13:20,0,0,3,0,35,2006,0,0,1,0,8,2,0,0
17,170233,1,2,01-May,15:30,0,0,2,0,32,2002,0,0,1,0,8,5,0,0
17,170265,1,2,09-Apr,03:13,0,1,2,0,472,2013,0,0,1,0,8,5,0,0
17,170301,1,2,27-Apr,00:45,0,0,2,0,401,2007,0,0,1,0,8,5,0,0
17,170301,1,3,27-Apr,00:45,0,0,3,0,399,1975,0,0,1,0,8,5,0,0
17,170302,2,2,17-Jan,22:11,0,0,2,0,32,2009,0,0,1,0,8,2,0,0
17,170302,2,3,17-Jan,22:11,0,0,2,0,405,2002,0,0,1,0,6,5,0,0
17,170339,1,2,12-May,18:01,0,1,2,0,401,2001,0,0,1,0,8,2,0,0
17,170380,1,2,26-Jun,01:39,0,0,2,0,21,2001,0,0,1,0,2,5,0,0
17,170380,1,3,26-Jun,01:39,0,0,2,0,442,2000,0,0,1,0,6,2,0,0
17,170380,1,4,26-Jun,01:39,0,0,2,0,444,2005,0,0,1,0,6,2,0,0
17,170380,1,5,26-Jun,01:39,0,0,2,0,39,2005,0,0,1,0,8,8,0,0
17,170380,1,6,26-Jun,01:39,0,0,2,0,21,2006,0,0,1,0,8,8,0,0
17,170380,1,7,26-Jun,01:39,0,0,2,0,422,1997,0,0,1,0,8,8,0,0
17,170380,1,8,26-Jun,01:39,0,0,3,0,403,2014,0,0,1,0,2,5,0,0
17,170421,1,2,18-Jul,06:10,0,1,2,0,884,2013,3,6,1,0,2,5,0,0
17,170474,2,3,04-Jul,23:37,7,0,2,0,39,2011,0,0,1,0,2,5,0,0
17,170533,4,4,24-Aug,19:34,8,0,2,0,481,1991,0,0,1,0,6,2,0,0
17,170627,1,2,20-Sep,21:00,0,1,2,0,481,2004,0,0,1,0,8,2,0,0
17,170686,1,2,22-Oct,20:01,0,3,2,0,37,1999,0,0,1,0,6,2,0,0
17,170688,2,2,13-Oct,11:00,0,1,2,0,884,2012,3,6,1,0,2,5,0,0
17,170692,2,2,14-Oct,12:42,0,0,2,0,482,1998,0,0,1,0,6,2,0,0
17,170717,2,2,27-Mar,16:05,0,0,2,0,32,2013,0,0,1,0,8,5,0,0
17,170717,2,3,27-Mar,16:05,0,0,2,0,47,2010,0,0,1,0,8,5,0,0
17,170845,1,2,06-Dec,23:20,0,0,2,0,401,1998,0,0,1,0,2,5,0,0
17,170845,1,3,06-Dec,23:20,0,0,2,0,21,2005,0,0,1,0,2,5,0,0
17,170860,1,2,09-Dec,15:33,0,0,3,0,401,2002,0,0,1,0,8,5,0,0
17,170860,1,3,09-Dec,15:33,0,0,3,0,407,2014,0,0,1,0,8,5,0,0
17,170899,1,2,27-Sep,02:19,0,0,2,0,32,2004,0,0,1,0,6,2,0,0
17,170899,1,3,27-Sep,02:19,0,0,2,0,441,2006,0,0,1,0,8,2,0,0
17,170899,1,4,27-Sep,02:19,0,0,2,0,35,2004,0,0,1,0,8,5,0,0
17,170899,1,5,27-Sep,02:19,0,0,2,0,49,2005,0,0,1,0,8,5,0,0
17,170899,1,6,27-Sep,02:19,0,0,2,0,39,2003,0,0,1,0,2,5,0,0
17,170899,1,7,27-Sep,02:19,0,0,2,0,401,2001,0,0,1,0,8,5,0,0
17,170899,1,8,27-Sep,02:19,0,0,2,0,37,2014,0,0,1,0,8,5,0,0
17,170910,1,2,29-Nov,02:29,0,0,3,0,40,2012,0,0,1,0,8,5,0,0
17,170915,1,2,12-Apr,03:00,0,0,2,0,33,2015,0,0,1,0,8,5,0,0
17,170920,6,2,17-Sep,16:10,0,0,2,0,1,1999,0,0,1,0,8,5,0,0
17,170920,6,3,17-Sep,16:10,0,3,2,0,22,2013,0,0,1,0,8,5,0,0
17,170920,6,4,17-Sep,16:10,0,0,2,0,24,2016,0,0,1,0,8,9,0,0
17,170920,6,5,17-Sep,16:10,0,0,2,0,16,2003,0,0,1,0,8,5,0,0
17,170920,6,10,17-Sep,16:10,0,0,3,0,398,2003,0,0,1,0,8,5,0,0
17,170920,6,11,17-Sep,16:10,0,0,3,0,51,2012,0,0,1,0,8,5,0,0
17,170955,1,2,18-Aug,22:15,0,0,2,0,16,2013,0,0,1,0,8,5,0,0
17,170959,2,3,29-Aug,01:40,7,0,2,0,35,2016,0,0,1,0,8,2,0,0
18,180023,2,3,09-Jan,03:45,7,1,2,0,881,2006,3,7,1,0,6,2,0,1
18,180044,1,2,29-Jan,13:08,0,0,3,0,6,2001,0,0,1,0,6,2,0,0
18,180181,1,2,17-Apr,20:31,0,2,2,0,421,2001,0,0,1,0,6,2,0,0
18,180300,2,3,09-Jun,03:48,2,0,3,0,481,2007,0,0,1,0,6,2,0,0
18,180333,1,2,16-Jun,10:00,0,1,2,0,881,2007,3,6,1,0,6,2,0,0
18,180368,1,2,14-Jul,20:50,0,0,2,0,40,1997,0,0,1,0,6,2,0,0
18,180368,1,3,14-Jul,20:50,0,0,2,0,398,2000,0,0,1,0,2,5,0,0
18,180368,1,4,14-Jul,20:50,0,0,2,0,442,1998,0,0,1,0,2,5,0,0
18,180512,1,2,28-Aug,05:55,0,0,3,0,481,2000,0,0,1,0,6,2,0,0
18,180512,1,3,28-Aug,05:55,0,0,3,0,22,2005,0,0,1,0,6,2,0,0
18,180512,1,4,28-Aug,05:55,0,0,3,0,442,2013,0,0,1,0,6,2,0,0
18,180550,1,2,22-Sep,03:22,0,0,2,0,881,2016,3,6,1,0,6,2,0,0
18,180619,2,3,19-Oct,15:29,6,1,2,0,442,2006,0,0,1,0,6,2,0,0
18,180669,1,2,30-Oct,01:09,0,0,2,0,404,1999,0,0,1,0,6,2,0,0
19,190002,1,2,03-Jan,01:00,0,0,2,0,481,1999,0,0,1,0,2,5,0,0
19,190002,1,3,03-Jan,01:00,0,0,2,0,402,2003,0,0,1,0,2,5,0,0
19,190117,1,2,06-Jun,22:43,0,0,2,0,21,2006,0,0,1,0,6,2,0,0
19,190117,1,3,06-Jun,22:43,0,0,2,0,401,2001,0,0,1,0,2,5,0,0
19,190131,1,1,26-Jul,04:35,0,0,2,0,881,2013,3,6,1,0,6,2,0,0
19,190132,1,2,15-Jul,04:38,0,0,2,0,881,2011,3,4,1,0,6,2,0,0
19,190168,1,2,19-Jul,18:42,0,0,2,1,431,1993,0,0,1,0,6,5,0,0
19,190168,1,3,19-Jul,18:42,0,0,2,0,461,1997,0,0,1,0,2,5,0,0
19,190206,1,2,03-Oct,22:48,0,0,2,0,2,1995,0,0,1,0,2,5,0,0
19,190214,1,2,05-Oct,02:29,0,0,2,0,2,2012,0,0,1,0,6,2,0,0
19,190234,2,3,03-Nov,12:54,2,0,2,0,404,2001,0,0,1,0,4,5,0,0
19,190244,1,2,14-Nov,01:36,0,0,2,0,804,2016,3,2,1,0,2,5,0,0
20,200052,1,2,27-Mar,20:42,0,0,2,0,402,2004,0,0,1,0,6,2,0,0
20,200127,1,2,15-Jun,21:03,0,0,3,0,402,2011,0,0,1,0,6,2,0,0
20,200215,1,2,07-Sep,02:27,0,0,2,0,32,2015,0,0,1,0,2,5,0,0
20,200215,1,3,07-Sep,02:27,0,0,2,0,34,2007,0,0,1,0,2,5,0,0
20,200238,1,2,27-Sep,07:30,0,0,2,0,881,2015,3,6,1,0,6,2,0,0
20,200274,1,2,03-Nov,21:49,0,0,2,0,881,2007,3,6,1,0,6,5,0,0
20,200301,1,2,27-Nov,18:14,0,0,2,0,472,2015,0,0,1,0,6,2,0,0
21,210002,1,2,01-Jan,03:40,0,0,3,0,443,2004,0,0,1,0,2,5,0,0
21,210049,3,2,29-Jan,09:32,0,0,2,0,16,2002,0,0,1,0,6,2,0,0
21,210072,1,2,06-Feb,00:30,0,1,4,0,999,9999,2,99,1,0,2,5,0,0
21,210280,2,3,29-Jun,14:01,8,0,3,0,423,2000,0,0,1,0,4,5,0,0
21,210294,1,2,18-Jun,09:12,0,2,2,0,39,2004,0,0,1,0,6,2,0,1
21,210295,2,3,21-Jun,15:47,6,0,2,0,999,9999,0,0,1,0,6,2,0,0
21,210377,1,2,09-Aug,03:45,0,0,3,0,23,2014,0,0,1,0,2,5,0,0
21,210377,1,3,09-Aug,03:45,0,0,3,0,23,2013,0,0,1,0,2,5,0,0
21,210377,1,4,09-Aug,03:45,0,0,3,0,23,2015,0,0,1,0,2,5,0,0
21,210503,2,3,07-Oct,20:19,0,0,2,0,481,1990,0,0,1,0,2,5,0,0
21,210513,1,2,11-Oct,04:50,0,1,2,0,33,2011,0,0,1,0,6,2,0,1
21,210520,2,3,15-Oct,17:23,6,0,3,0,52,2004,0,0,1,0,4,5,0,0
21,210520,2,4,15-Oct,17:23,6,0,3,0,37,2005,0,0,1,0,6,2,0,0
21,210520,2,5,15-Oct,17:23,6,0,3,0,37,2001,0,0,1,0,6,5,0,0
21,210520,2,6,15-Oct,17:23,6,0,3,0,401,2003,0,0,1,0,2,5,0,0
21,210533,1,2,22-Oct,06:59,0,0,3,0,32,1998,0,0,1,0,2,5,0,0
21,210556,2,3,28-Oct,21:03,6,0,3,0,9,1996,0,0,1,0,6,2,0,0
21,210565,1,2,08-Oct,14:02,0,1,2,0,881,2013,3,4,1,0,2,5,0,0
21,210609,1,2,27-Nov,04:41,0,0,2,0,473,2008,0,0,1,0,6,2,0,0
21,210630,1,2,06-Dec,03:44,0,0,2,0,441,2003,0,0,1,0,2,5,0,0
21,210688,1,2,04-Dec,13:29,0,0,2,0,898,2014,3,6,1,0,4,5,0,0
21,210695,1,2,23-Feb,02:01,0,1,2,0,884,2013,3,6,1,0,4,5,0,0
22,220132,1,2,22-Mar,01:29,0,0,3,0,884,2006,3,6,1,0,4,5,0,0
22,220150,2,3,01-Apr,16:20,0,1,3,0,481,2014,0,0,1,0,2,5,0,0
22,220219,1,2,03-May,07:16,0,0,2,0,473,2002,0,0,1,0,6,2,0,0
22,220295,1,2,27-Jun,22:32,0,0,3,0,471,2002,0,0,1,0,2,5,0,0
22,220298,1,2,22-Jun,02:19,0,0,3,0,482,2006,0,0,1,0,4,5,0,0
22,220340,1,2,17-Jul,23:55,0,0,3,0,999,9999,0,0,1,0,6,2,0,0
22,220406,1,2,20-Jul,15:25,0,0,2,0,481,2000,0,0,1,0,4,3,0,0
22,220411,1,2,02-Aug,14:30,0,1,2,0,405,2014,0,0,1,0,6,2,0,0
22,220411,1,3,02-Aug,14:30,0,0,2,0,706,1985,0,0,1,0,4,3,0,0
22,220469,1,2,10-Sep,01:42,0,0,3,0,881,1998,3,6,1,0,2,5,0,0
22,220469,1,3,10-Sep,01:42,0,0,3,0,881,2000,3,6,1,0,2,5,0,0
22,220478,1,2,21-Sep,08:56,0,0,2,0,18,2001,0,0,1,0,2,5,0,0
22,220478,1,3,21-Sep,08:56,0,0,2,0,481,2001,0,0,1,0,2,5,0,0
22,220493,1,2,10-Sep,18:20,0,0,2,0,442,1998,0,0,1,0,6,2,0,0
22,220560,1,2,30-Oct,20:19,0,1,3,0,739,2009,0,0,1,0,6,2,0,0
22,220560,1,3,30-Oct,20:19,0,2,3,0,739,2012,0,0,1,0,4,5,0,0
22,220667,1,2,22-Dec,23:09,0,0,3,0,884,1994,3,6,1,0,2,5,0,0
22,220684,1,2,25-Nov,12:30,0,0,3,0,444,2016,0,0,1,0,2,5,0,0
22,220684,1,3,25-Nov,12:30,0,0,3,0,444,2016,0,0,1,0,4,5,0,0
23,230008,1,2,03-Feb,16:16,0,1,2,0,25,2007,0,0,1,0,6,2,0,0
23,230093,1,1,18-Sep,20:51,0,0,2,0,43,2004,0,0,1,0,2,5,0,0
23,230099,1,2,15-Sep,13:03,0,1,2,0,22,2010,0,0,1,0,6,2,0,0
23,230118,1,1,26-Nov,18:04,0,2,2,0,404,2008,0,0,1,0,4,5,0,0
24,240026,1,2,13-Jan,10:00,0,0,2,0,881,2000,3,2,1,0,4,5,0,0
24,240028,1,2,30-Jan,15:15,0,0,3,0,402,2004,0,0,1,0,6,9,0,0
24,240028,1,3,30-Jan,15:15,0,0,3,0,34,2001,0,0,1,0,4,8,0,0
24,240028,1,4,30-Jan,15:15,0,0,2,0,32,2009,0,0,1,0,4,8,0,0
24,240036,1,2,18-Feb,11:16,0,0,2,0,3,1999,0,0,1,0,4,5,0,0
24,240036,1,3,18-Feb,11:16,0,0,3,0,23,2010,0,0,1,0,6,5,0,0
24,240083,1,2,11-Apr,21:36,0,2,2,0,31,1994,0,0,1,0,6,2,0,0
24,240091,1,2,16-Apr,20:32,0,0,2,0,881,2014,2,1,1,0,4,3,0,0
24,240134,2,3,06-May,09:08,6,0,3,0,42,2010,0,0,1,0,4,5,0,0
24,240134,2,4,06-May,09:08,6,0,3,0,40,1989,0,0,1,0,4,5,0,0
24,240134,2,5,06-May,09:08,6,0,3,0,32,1965,0,0,1,0,4,5,0,0
24,240134,2,6,06-May,09:08,6,0,3,0,47,2000,0,0,1,0,4,5,0,0
24,240156,1,2,28-May,13:15,0,2,2,0,898,2009,3,1,1,0,4,5,0,0
24,240178,1,2,20-Mar,07:21,0,0,2,0,881,1998,3,1,1,0,4,3,0,0
24,240202,3,3,25-Jun,01:35,1,0,3,0,881,2010,2,4,1,0,6,2,0,0
24,240226,2,3,26-Jul,14:48,6,0,3,0,881,2014,2,1,1,0,2,5,0,0
24,240226,2,4,26-Jul,14:48,6,0,3,0,898,2015,2,1,1,0,2,5,0,0
24,240315,1,2,23-Aug,14:32,0,0,3,0,403,2012,0,0,1,0,2,8,0,0
24,240366,1,2,28-Oct,17:11,0,0,3,0,403,2014,0,0,1,0,6,2,0,0
24,240366,1,3,28-Oct,17:11,0,1,3,0,422,2008,0,0,1,0,2,5,0,0
24,240367,2,3,18-Jul,00:11,6,0,2,0,32,2008,0,0,1,0,6,5,0,0
24,240367,2,4,18-Jul,00:11,6,0,2,0,23,2015,0,0,1,0,2,5,0,0
24,240423,1,2,12-Dec,01:27,0,0,3,0,405,2004,0,0,1,0,6,2,0,0
24,240423,1,3,12-Dec,01:27,0,0,3,0,2,2000,0,0,1,0,6,2,0,0
24,240447,1,2,03-Dec,21:47,0,0,2,0,2,2009,0,0,1,0,6,8,0,0
24,240475,4,4,20-Nov,21:20,6,0,3,0,431,2003,0,0,1,0,6,2,0,0
25,250067,1,2,07-Jul,22:04,0,0,3,0,998,1988,3,99,1,0,9,8,0,0
25,250110,1,2,25-Jun,18:29,0,0,2,0,401,2012,0,0,1,0,6,2,0,0
25,250150,3,4,07-Jun,19:07,2,0,3,0,421,2014,0,0,1,0,4,5,0,0
25,250150,3,5,07-Jun,19:07,2,0,3,0,37,2007,0,0,1,0,4,5,0,0
25,250168,1,2,14-Oct,11:41,0,0,2,0,46,2006,0,0,1,0,6,2,0,0
25,250222,1,2,28-Sep,03:05,0,0,2,0,999,9999,0,0,1,0,8,8,0,0
25,250233,1,2,04-Oct,23:26,0,0,3,0,52,2011,0,0,1,0,6,2,0,0
25,250235,2,2,02-Jul,17:36,0,1,2,0,884,2014,2,99,1,0,8,8,0,0
25,250240,1,2,25-Apr,18:30,0,0,3,0,43,2001,0,0,1,0,6,2,0,0
25,250260,1,2,04-Jun,11:16,0,0,2,0,402,2013,0,0,1,0,4,3,0,0
25,250261,1,2,24-Oct,00:01,0,0,2,0,461,2008,0,0,1,0,6,2,0,0
25,250261,1,3,24-Oct,00:01,0,0,2,0,32,2006,0,0,1,0,6,2,0,0
25,250291,1,2,12-Jun,02:59,0,0,3,0,402,2011,0,0,1,0,6,2,0,0
25,250291,1,3,12-Jun,02:59,0,0,3,0,40,2008,0,0,1,0,6,2,0,0
25,250296,1,2,26-Sep,19:00,0,0,2,1,47,2004,0,0,1,0,6,2,0,0
25,250296,1,3,26-Sep,19:00,0,0,2,1,404,2015,0,0,1,0,6,2,0,0
26,260015,1,2,03-Jan,16:21,0,1,3,0,37,2011,0,0,1,0,6,2,0,0
26,260046,1,2,10-Jan,07:55,0,0,2,0,2,2003,0,0,1,0,6,2,0,0
26,260060,1,2,20-Feb,02:11,0,1,2,0,881,2012,3,6,1,0,2,3,0,0
26,260125,2,3,13-Mar,07:50,6,0,2,0,481,2006,0,0,1,0,6,2,0,0
26,260125,2,4,13-Mar,07:50,6,0,2,0,403,2003,0,0,1,0,2,3,0,0
26,260125,2,5,13-Mar,07:50,6,0,2,0,481,2013,0,0,1,0,2,5,0,0
26,260155,1,2,15-Apr,14:50,0,0,2,0,2,2006,0,0,1,0,6,2,0,0
26,260243,1,2,30-May,13:30,0,0,2,0,898,1994,3,19,1,0,2,5,0,0
26,260244,2,2,23-May,13:50,0,2,2,0,27,2013,0,0,1,0,6,2,0,1
26,260306,2,3,20-Jun,22:55,7,0,2,0,404,2002,0,0,1,0,2,5,0,0
26,260315,1,2,24-Jun,19:45,0,0,3,0,444,2007,0,0,1,0,6,2,0,0
26,260330,2,3,16-Jun,14:25,6,0,2,0,402,2005,0,0,1,0,6,2,0,0
26,260362,1,2,01-Jul,11:30,0,1,2,0,7,1998,0,0,1,0,4,5,0,0
26,260391,2,3,16-Jul,23:55,7,0,3,0,444,2010,0,0,1,0,2,5,0,0
26,260391,2,4,16-Jul,23:55,7,0,3,0,37,2012,0,0,1,0,2,5,0,0
26,260395,1,2,16-Jul,01:24,0,0,2,0,441,1992,0,0,1,0,2,5,0,0
26,260405,2,3,22-Jul,09:30,6,0,3,0,31,1968,0,0,1,0,6,5,0,0
26,260521,1,2,23-Aug,02:18,0,0,3,0,42,1993,0,0,1,0,8,8,0,0
26,260521,1,3,23-Aug,02:18,0,0,3,0,47,2000,0,0,1,0,8,8,0,0
26,260564,1,2,16-Aug,02:36,0,2,2,0,2,2005,0,0,1,0,6,2,0,0
26,260564,1,3,16-Aug,02:36,0,0,2,0,43,1998,0,0,1,0,2,3,0,0
26,260574,1,2,17-Aug,23:00,0,0,2,0,22,2007,0,0,1,0,2,5,0,0
26,260681,1,1,15-Oct,10:05,0,0,2,0,401,2007,0,0,1,0,6,2,0,0
26,260681,1,3,15-Oct,10:05,0,0,2,0,881,2012,2,1,1,0,6,2,0,0
26,260717,1,2,11-Oct,22:51,0,0,3,0,881,2001,2,1,1,0,6,2,0,0
26,260754,2,3,12-Nov,11:07,6,0,3,0,37,2000,0,0,1,0,4,5,0,0
26,260754,2,4,12-Nov,11:07,6,0,3,0,2,2003,0,0,1,0,6,5,0,0
26,260754,2,5,12-Nov,11:07,6,0,3,0,404,2010,0,0,1,0,6,5,0,0
26,260754,2,6,12-Nov,11:07,6,0,3,0,23,2015,0,0,1,0,2,5,0,0
26,260780,1,2,05-Aug,21:42,0,0,2,0,37,2002,0,0,1,0,4,3,0,0
26,260788,1,2,12-Nov,14:08,0,1,4,0,881,2004,3,2,1,0,6,2,0,0
26,260793,1,2,28-Nov,20:51,0,3,2,0,36,2003,0,0,1,0,6,2,0,1
26,260820,1,2,09-Dec,03:11,0,1,4,0,884,2001,3,4,1,0,2,5,0,0
26,260838,1,2,28-Feb,08:28,0,0,2,0,407,2007,0,0,1,0,2,3,0,0
26,260845,1,2,18-Dec,17:11,0,0,2,0,2,2002,0,0,1,0,4,5,0,0
26,260886,2,3,13-Apr,00:55,1,0,2,0,7,2001,0,0,1,0,6,2,0,0
26,260895,2,1,28-Nov,03:30,1,2,2,0,2,2003,0,0,1,0,6,2,0,1
27,270013,1,2,28-Jan,21:48,0,1,4,0,809,2000,3,2,1,0,4,5,0,0
27,270176,1,1,05-Jul,14:31,0,2,2,0,481,2013,0,0,1,0,2,3,0,0
27,270232,2,3,29-Aug,13:30,1,2,2,0,23,2006,0,0,1,0,2,5,0,0
28,280043,1,2,14-Feb,06:30,0,1,2,0,884,2013,3,6,1,0,6,2,0,0
28,280067,1,2,20-Feb,13:37,0,0,3,0,421,2004,0,0,1,0,2,5,0,0
28,280176,2,3,07-May,20:04,6,0,3,0,471,1995,0,0,1,0,2,5,0,0
28,280176,2,4,07-May,20:04,6,0,3,0,402,2001,0,0,1,0,6,2,0,0
28,280525,1,2,12-Oct,15:00,0,0,3,0,442,1998,0,0,1,0,2,5,0,0
29,290014,1,1,01-Jan,20:10,0,0,2,0,50,2009,0,0,1,0,6,2,0,0
29,290015,2,3,06-Jan,23:45,1,2,2,0,870,2010,2,1,1,0,6,2,0,0
29,290041,1,2,18-Jan,22:34,0,0,2,0,33,2012,0,0,1,0,4,9,0,0
29,290061,2,3,08-Feb,12:42,6,0,3,0,4,1993,0,0,1,0,6,2,0,0
29,290061,2,4,08-Feb,12:42,6,0,3,0,23,2010,0,0,1,0,2,5,0,0
29,290061,2,5,08-Feb,12:42,6,0,3,0,31,2000,0,0,1,0,6,2,0,0
29,290061,2,6,08-Feb,12:42,6,0,3,0,35,2000,0,0,1,0,2,5,0,0
29,290169,1,1,19-Apr,18:00,0,1,2,0,881,2013,3,6,1,0,2,5,0,0
29,290220,1,2,16-May,22:32,0,0,2,0,401,2002,0,0,1,0,6,2,0,0
29,290243,1,2,21-May,00:59,0,0,2,0,32,2013,0,0,1,0,6,2,0,0
29,290243,1,3,21-May,00:59,0,0,2,0,37,2002,0,0,1,0,4,5,0,0
29,290306,1,2,21-May,02:47,0,0,2,0,37,2004,0,0,1,0,4,5,0,0
29,290475,2,3,10-Aug,21:07,6,0,3,0,401,2004,0,0,1,0,2,5,0,0
29,290475,2,4,10-Aug,21:07,6,0,3,0,481,1998,0,0,1,0,2,5,0,0
29,290475,2,5,10-Aug,21:07,6,0,3,0,47,2006,0,0,1,0,2,5,0,0
29,290549,1,2,31-Aug,11:35,0,0,2,0,880,2005,2,1,1,0,6,2,0,0
29,290685,1,2,29-Sep,03:08,0,0,3,0,884,2009,3,1,1,0,4,5,0,0
29,290685,1,3,29-Sep,03:08,0,0,3,0,880,2015,2,1,1,0,9,5,1,0
29,290750,1,2,20-Nov,23:56,0,0,2,0,881,2016,3,6,1,0,2,5,0,0
29,290782,1,2,14-Oct,20:18,0,0,2,0,2,2012,0,0,1,0,6,2,0,0
29,290782,1,3,14-Oct,20:18,0,0,2,0,1,2001,0,0,1,0,9,5,0,0
30,300147,1,2,18-Oct,20:58,0,0,2,0,850,1993,0,0,1,0,6,2,0,0
30,300165,1,2,31-Oct,01:12,0,0,3,0,884,1999,3,19,1,0,4,5,0,0
31,310064,2,3,01-Apr,04:19,6,0,3,0,401,2006,0,0,1,0,4,5,0,0
31,310083,1,2,23-May,00:53,0,0,3,0,881,1998,3,2,1,0,2,5,0,0
31,310173,1,2,10-Oct,21:23,0,0,3,0,40,2007,0,0,1,0,2,5,0,0
31,310173,1,3,10-Oct,21:23,0,0,3,0,482,2009,0,0,1,0,2,5,0,0
31,310187,1,1,17-Nov,20:30,0,1,2,0,881,2007,3,6,1,0,6,2,0,0
31,310216,1,2,22-Oct,02:35,0,0,4,0,881,2015,3,2,1,0,2,5,0,0
32,320043,1,2,30-Mar,09:29,0,0,4,0,481,2005,2,1,1,0,2,5,0,0
32,320067,2,3,03-Apr,03:01,1,0,2,0,481,2005,3,1,1,0,2,5,0,0
32,320185,1,2,22-Sep,01:51,0,0,2,0,499,1996,0,0,1,0,2,5,0,0
32,320189,1,2,29-May,03:11,0,0,2,0,882,2008,3,1,1,0,4,3,0,0
32,320218,1,2,09-Nov,00:44,0,0,2,0,881,1992,3,1,1,0,4,3,0,0
32,320240,1,2,16-Sep,17:47,0,0,3,0,401,1999,0,0,1,0,2,5,0,0
32,320270,2,3,14-Nov,15:19,6,0,3,0,37,2000,0,0,1,0,4,5,0,0
32,320296,1,2,11-Nov,20:35,0,0,3,0,472,1997,0,0,1,0,4,5,0,0
32,320296,1,3,11-Nov,20:35,0,0,3,0,481,1991,0,0,1,0,2,5,0,0
32,320296,1,4,11-Nov,20:35,0,0,3,0,39,2007,0,0,1,0,2,5,0,0
32,320296,1,5,11-Nov,20:35,0,0,3,0,1,2002,0,0,1,0,2,5,0,0
32,320296,1,6,11-Nov,20:35,0,0,3,0,39,1998,0,0,1,0,2,5,0,0
32,320296,1,7,11-Nov,20:35,0,0,3,0,16,2001,0,0,1,0,2,5,0,0
34,340004,2,3,03-Jan,18:19,6,0,3,0,402,2005,0,0,1,0,2,5,0,0
34,340005,1,2,15-Jan,02:50,0,1,2,0,881,2012,3,6,1,0,4,3,0,0
34,340009,2,3,17-Jan,13:29,0,0,3,0,31,1991,0,0,1,0,8,2,0,0
34,340009,2,4,17-Jan,13:29,0,0,3,0,32,2001,0,0,1,0,8,5,0,0
34,340044,1,1,26-Feb,14:08,0,2,2,0,881,2012,3,6,1,0,8,2,0,0
34,340070,1,2,20-Mar,13:29,0,0,2,0,401,2003,0,0,1,0,6,2,1,0
34,340076,1,2,10-Mar,15:53,0,1,2,0,881,2014,3,6,1,0,6,2,0,0
34,340090,1,2,05-Apr,21:05,0,0,2,0,47,1999,0,0,1,0,8,8,0,0
34,340097,1,2,22-Apr,21:04,0,0,4,0,999,9999,9,99,1,0,8,5,0,0
34,340115,1,2,18-Jan,07:21,0,0,4,0,881,1996,3,1,1,0,8,2,0,0
34,340123,1,2,03-May,09:46,0,0,2,0,43,2000,0,0,1,0,8,2,0,0
34,340123,1,3,03-May,09:46,0,0,2,0,47,2008,0,0,1,0,8,5,0,0
34,340176,1,2,28-Jun,20:05,0,0,2,0,43,2004,0,0,1,0,9,5,0,0
34,340177,1,2,25-Jun,20:20,0,0,2,0,881,2007,3,6,1,0,8,5,0,0
34,340181,1,2,24-Jun,10:51,0,0,3,0,401,2005,0,0,1,0,6,2,0,0
34,340181,1,3,24-Jun,10:51,0,0,3,0,13,2006,0,0,1,0,6,2,0,0
34,340181,1,4,24-Jun,10:51,0,0,3,0,405,2008,0,0,1,0,6,2,0,0
34,340181,1,5,24-Jun,10:51,0,0,3,0,31,2015,0,0,1,0,6,2,0,0
34,340286,1,2,17-May,09:01,0,0,2,0,32,2001,0,0,1,0,8,5,0,0
34,340307,3,2,24-Jul,11:12,0,0,4,0,881,2006,3,1,1,0,8,2,0,0
34,340323,1,2,25-Sep,01:20,0,1,2,0,881,2011,3,6,1,0,8,2,0,0
34,340332,1,2,15-Aug,07:54,0,0,2,0,881,2016,3,2,1,0,6,2,0,0
34,340382,1,2,19-Oct,11:02,0,1,2,0,481,2010,2,1,1,0,6,2,0,0
34,340382,1,3,19-Oct,11:02,0,1,2,0,32,2000,0,0,1,0,6,2,0,0
34,340393,2,3,20-Dec,02:30,11,0,2,0,884,1997,3,6,1,0,8,5,0,0
34,340394,1,1,14-Dec,17:00,0,1,2,0,404,2001,0,0,1,0,8,2,0,0
34,340447,1,2,28-Nov,22:32,0,1,2,0,482,2003,0,0,1,0,6,2,0,0
34,340455,1,2,07-Nov,06:24,0,1,2,0,881,2005,3,6,1,0,8,9,0,0
34,340476,1,2,09-Sep,16:25,0,0,2,0,18,2003,0,0,1,0,8,5,0,0
34,340516,1,2,22-Dec,02:24,0,0,3,0,47,2011,0,0,1,0,2,5,0,0
34,340516,1,3,22-Dec,02:24,0,0,3,0,40,2002,0,0,1,0,2,5,0,0
34,340516,1,4,22-Dec,02:24,0,0,3,0,443,1998,0,0,1,0,2,5,0,0
34,340520,1,2,01-Sep,09:10,0,0,2,0,481,2013,0,0,1,0,8,2,0,0
34,340531,1,2,17-Dec,15:56,0,0,2,0,401,1995,0,0,1,0,8,2,0,0
36,360036,1,2,18-Jan,11:32,0,0,2,0,26,2013,0,0,1,0,8,2,0,0
36,360073,1,1,14-Feb,10:49,0,1,2,0,881,2007,3,6,1,0,8,5,0,0
36,360094,3,2,02-Feb,13:27,0,0,2,0,35,2012,0,0,1,0,8,2,0,0
36,360094,3,3,02-Feb,13:27,0,0,2,0,870,2003,2,20,1,0,8,2,0,0
36,360095,1,2,04-Feb,23:05,0,0,2,0,481,1995,0,0,1,0,8,2,0,0
36,360109,1,1,15-Jan,09:01,0,2,4,0,881,2001,2,1,1,0,8,2,0,0
36,360138,1,2,20-Mar,18:34,0,4,2,0,34,2001,0,0,1,0,8,2,0,0
36,360175,1,2,12-Apr,22:57,0,0,3,0,38,1998,0,0,1,0,8,5,0,0
36,360208,2,3,26-Apr,05:48,6,0,2,0,441,2004,0,0,1,0,8,5,0,0
36,360208,2,4,26-Apr,05:48,6,0,2,0,402,2015,0,0,1,0,8,5,0,0
36,360217,1,2,01-May,01:37,0,0,3,0,31,2009,0,0,1,0,9,9,0,0
36,360270,2,3,10-May,22:50,6,0,2,0,441,2009,0,0,1,0,8,5,0,0
36,360312,1,2,03-Jun,12:24,0,0,2,0,24,2014,0,0,1,0,8,2,0,0
36,360313,1,2,02-Jun,03:53,0,0,2,0,35,1999,0,0,1,0,8,5,0,0
36,360313,1,3,02-Jun,03:53,0,0,2,0,31,2013,0,0,1,0,8,5,0,0
36,360313,1,4,02-Jun,03:53,0,0,2,0,40,2014,0,0,1,0,8,5,0,0
36,360313,1,5,02-Jun,03:53,0,0,2,0,6,2004,0,0,1,0,8,5,0,0
36,360313,1,6,02-Jun,03:53,0,0,2,0,32,2004,0,0,1,0,8,5,0,0
36,360313,1,7,02-Jun,03:53,0,0,2,0,37,2004,0,0,1,0,8,5,0,0
36,360313,1,8,02-Jun,03:53,0,0,2,0,40,1993,0,0,1,0,8,5,0,0
36,360313,1,9,02-Jun,03:53,0,0,2,0,51,2004,0,0,1,0,8,5,0,0
36,360313,1,10,02-Jun,03:53,0,0,2,0,421,2004,0,0,1,0,8,5,0,0
36,360313,1,11,02-Jun,03:53,0,0,2,0,55,2014,0,0,1,0,8,5,0,0
36,360316,1,2,04-Jun,17:32,0,0,2,0,31,2005,0,0,1,0,8,5,0,0
36,360356,1,2,21-Jun,00:10,0,0,3,0,482,2004,0,0,1,0,8,2,0,0
36,360389,3,2,28-Jun,04:35,0,2,2,0,51,2012,0,0,1,0,8,5,0,0
36,360391,2,3,29-Jun,04:25,6,0,2,0,441,2007,0,0,1,0,8,2,0,0
36,360395,1,2,01-Jul,10:26,0,1,2,0,1,2006,0,0,1,0,8,2,0,0
36,360432,1,2,11-Jul,10:36,0,0,2,0,881,2000,2,1,1,0,8,5,0,0
36,360454,1,2,31-May,03:50,0,0,3,0,49,2006,0,0,1,0,8,5,0,0
36,360492,1,2,02-Aug,01:20,0,0,2,0,401,2005,0,0,1,0,8,2,0,0
36,360507,2,3,08-Aug,00:17,6,0,2,0,51,2006,0,0,1,0,8,5,0,0
36,360521,1,2,10-Aug,06:37,0,0,2,0,40,1996,0,0,1,0,6,2,0,0
36,360521,1,3,10-Aug,06:37,0,0,2,0,403,2015,0,0,1,0,8,5,0,0
36,360521,1,4,10-Aug,06:37,0,0,2,0,34,2013,0,0,1,0,6,2,0,0
36,360528,1,2,04-May,11:25,0,0,2,0,52,2001,0,0,1,0,8,2,0,0
36,360528,1,3,04-May,11:25,0,0,2,0,22,2015,0,0,1,0,8,5,0,0
36,360528,1,4,04-May,11:25,0,0,2,0,999,9999,0,0,1,0,8,5,0,0
36,360540,1,2,16-Aug,01:06,0,0,2,0,35,2004,0,0,1,0,8,2,0,0
36,360540,1,3,16-Aug,01:06,0,0,2,0,405,2002,0,0,1,0,8,5,0,0
36,360562,2,2,12-Aug,22:23,0,3,2,0,401,2003,0,0,1,0,6,2,0,2
36,360649,2,3,12-Sep,01:15,7,0,2,0,16,2005,0,0,1,0,8,5,0,0
36,360649,2,4,12-Sep,01:15,7,0,2,0,32,2005,0,0,1,0,8,5,0,0
36,360839,1,2,06-Oct,09:30,0,0,2,0,33,2011,0,0,1,0,8,2,0,0
36,360848,1,2,09-Nov,17:26,0,0,2,0,401,2002,0,0,1,0,8,5,0,0
36,360883,5,3,26-Nov,19:13,6,0,2,0,442,2007,0,0,1,0,8,5,0,0
36,360883,5,5,26-Nov,19:13,6,0,2,0,422,2001,0,0,1,0,8,5,0,0
36,360890,2,3,01-Dec,18:14,6,0,2,0,481,2003,0,0,1,0,8,5,0,0
36,360916,1,2,06-Dec,22:31,0,0,2,0,40,2014,0,0,1,0,8,5,0,0
36,360931,3,4,09-Dec,22:10,6,0,2,0,422,2004,0,0,1,0,8,5,0,0
36,360932,1,2,09-Dec,08:30,0,0,2,0,804,1997,3,2,1,0,8,5,0,0
36,360943,1,2,25-Nov,06:27,0,0,3,0,18,2006,0,0,1,0,8,5,0,0
36,360950,1,2,25-Oct,23:34,0,0,3,0,999,9999,0,0,1,0,8,5,0,0
36,360950,1,3,25-Oct,23:34,0,0,3,0,406,2006,0,0,1,0,8,5,0,0
36,360950,1,4,25-Oct,23:34,0,0,3,0,22,2009,0,0,1,0,8,5,0,0
36,360950,1,5,25-Oct,23:34,0,0,3,0,23,1999,0,0,1,0,8,5,0,0
36,360950,1,6,25-Oct,23:34,0,0,3,0,20,1997,0,0,1,0,8,5,0,0
36,360969,1,2,17-Dec,05:06,0,1,2,0,881,2007,3,6,1,0,8,2,0,0
36,360971,1,2,18-Dec,03:38,0,0,2,0,981,2000,2,21,1,0,8,5,0,0
36,360971,1,3,18-Dec,03:38,0,0,2,0,441,2010,0,0,1,0,8,5,0,0
36,360971,1,4,18-Dec,03:38,0,0,2,0,461,2006,0,0,1,0,8,5,0,0
36,361038,1,2,17-Apr,15:55,0,1,2,0,47,2011,0,0,1,0,8,2,0,1
36,361038,1,3,17-Apr,15:55,0,0,2,0,422,2014,0,0,1,0,8,5,0,0
37,370027,3,4,07-Jan,07:56,6,0,3,0,401,2001,0,0,1,0,6,2,0,0
37,370081,2,3,31-Jan,11:07,6,0,3,0,431,2000,0,0,1,0,4,5,0,0
37,370139,1,2,12-Feb,07:09,0,0,2,0,881,2011,3,6,1,0,4,5,0,0
37,370274,1,2,05-Apr,03:19,0,0,3,0,481,1992,0,0,1,0,4,5,0,0
37,370441,1,2,13-May,11:57,0,0,3,0,22,2005,0,0,1,0,6,5,0,0
37,370441,1,3,13-May,11:57,0,0,3,0,471,2001,0,0,1,0,4,5,0,0
37,370441,1,4,13-May,11:57,0,0,3,0,47,2001,0,0,1,0,4,5,0,0
37,370441,1,5,13-May,11:57,0,0,3,0,421,2008,0,0,1,0,4,5,0,0
37,370441,1,6,13-May,11:57,0,0,3,0,481,1992,0,0,1,0,4,5,0,0
37,370513,1,1,12-Jun,16:34,0,1,2,0,881,2007,3,5,1,0,6,2,0,0
37,370513,1,3,12-Jun,16:34,0,0,2,0,481,1985,0,0,1,0,6,2,0,0
37,370560,2,3,21-Jun,06:29,2,0,3,0,50,2007,0,0,1,0,4,5,0,0
37,370692,1,2,19-Jul,00:33,0,0,3,0,998,1998,0,0,1,0,6,2,0,0
37,370709,2,2,17-Jul,06:19,0,0,2,0,706,2013,0,0,1,0,6,2,0,0
37,370709,2,4,17-Jul,06:19,0,0,3,0,706,2013,0,0,1,0,6,2,0,0
37,370709,2,5,17-Jul,06:19,0,0,2,0,706,2011,0,0,1,0,6,2,0,0
37,370709,2,6,17-Jul,06:19,0,0,2,0,706,2012,0,0,1,0,6,2,0,0
37,370709,2,7,17-Jul,06:19,0,0,2,0,706,2013,0,0,1,0,6,2,0,0
37,370717,1,2,03-Aug,07:56,0,0,3,0,442,2010,0,0,1,0,4,5,0,0
37,370755,1,2,31-Jul,23:28,0,0,3,0,402,2015,0,0,1,0,6,2,0,0
37,370833,3,4,23-Sep,17:44,6,0,3,0,482,2007,0,0,1,0,4,5,0,0
37,370855,1,2,16-Sep,03:00,0,0,3,0,421,2006,0,0,1,0,2,5,0,0
37,370879,2,3,17-Sep,01:49,6,0,2,0,471,1997,0,0,1,0,2,5,0,0
37,370949,1,2,14-Oct,14:47,0,0,3,0,481,2011,0,0,1,0,2,5,0,0
37,370958,1,2,03-Oct,14:46,0,0,3,0,20,1995,0,0,1,0,2,5,0,0
37,370985,1,2,11-Oct,06:09,0,0,3,0,40,1995,0,0,1,0,4,5,0,0
37,371044,1,2,02-Nov,07:29,0,0,2,0,482,2005,0,0,1,0,6,2,0,0
37,371221,1,2,16-Dec,08:20,0,0,3,0,442,2008,0,0,1,0,6,2,0,0
37,371262,1,2,30-Oct,11:24,0,0,2,0,481,2007,0,0,1,0,6,5,0,0
37,371264,1,2,17-Dec,23:00,0,0,3,0,481,1997,0,0,1,0,2,5,0,0
38,380022,1,2,26-Mar,16:28,0,0,2,0,881,2002,3,6,1,0,4,5,0,0
38,380116,1,2,24-Dec,18:45,0,0,3,0,401,2007,0,0,1,0,4,5,0,0
39,390002,1,2,01-Jan,15:04,0,0,3,0,2,1995,0,0,1,0,2,5,0,0
39,390003,1,2,03-Jan,07:30,0,0,3,0,881,2007,3,6,1,0,4,3,0,0
39,390003,1,3,03-Jan,07:30,0,0,3,0,481,2005,0,0,1,0,6,2,0,0
39,390053,1,2,06-Jan,12:55,0,0,2,0,32,2007,0,0,1,0,6,2,0,0
39,390056,1,2,24-Jan,01:16,0,0,3,0,881,2004,3,6,1,0,6,5,0,0
39,390056,1,3,24-Jan,01:16,0,0,3,0,881,2015,3,6,1,0,4,5,0,0
39,390077,2,2,08-Feb,21:37,0,1,2,0,33,2003,0,0,1,0,6,2,0,1
39,390082,1,2,14-Feb,21:31,0,0,2,0,422,2003,0,0,1,0,6,2,0,0
39,390082,1,3,14-Feb,21:31,0,2,2,0,24,2012,0,0,1,0,4,5,0,0
39,390102,1,2,06-Feb,21:40,0,0,2,0,2,2005,0,0,1,0,2,5,0,0
39,390102,1,3,06-Feb,21:40,0,0,2,0,441,2006,0,0,1,0,4,9,0,0
39,390121,1,1,21-Feb,02:23,0,1,2,0,403,2013,0,0,1,0,6,2,0,0
39,390124,2,3,27-Feb,17:45,6,0,3,0,482,2007,0,0,1,0,4,9,0,0
39,390129,1,2,21-Feb,17:02,0,0,2,0,31,2001,0,0,1,0,2,5,0,0
39,390132,1,2,03-Mar,03:30,0,0,2,0,890,2010,3,6,1,0,2,3,0,0
39,390137,1,2,13-Mar,18:08,0,1,2,0,890,1995,3,6,1,0,4,5,0,0
39,390137,1,3,13-Mar,18:08,0,1,3,0,33,2009,0,0,1,0,4,3,0,0
39,390274,1,2,02-Mar,09:04,0,0,2,0,16,2003,0,0,1,0,6,2,0,0
39,390291,1,2,22-Apr,15:23,0,0,4,0,884,9999,3,2,1,0,2,5,0,0
39,390326,1,1,28-Jan,03:34,0,1,4,0,883,2013,3,2,1,0,6,2,0,0
39,390345,1,2,03-Jun,04:37,0,0,3,0,481,2001,0,0,1,0,2,3,0,0
39,390360,1,2,10-Jun,23:38,0,0,3,0,481,2000,0,0,1,0,9,9,0,0
39,390366,1,2,07-May,18:50,0,1,2,0,481,2002,0,0,1,0,6,2,0,0
39,390366,1,3,07-May,18:50,0,0,2,0,481,1995,0,0,1,0,2,5,0,0
39,390370,2,3,07-Jun,03:47,6,0,4,0,998,2004,2,99,1,0,2,5,0,0
39,390377,2,3,23-May,22:42,6,0,3,0,461,2015,0,0,1,0,6,5,0,0
39,390401,1,2,07-Jun,02:29,0,0,2,0,442,1998,0,0,1,0,6,2,0,0
39,390401,1,3,07-Jun,02:29,0,0,2,0,32,2014,0,0,1,0,6,2,0,0
39,390401,1,4,07-Jun,02:29,0,0,2,0,482,2003,0,0,1,0,4,5,0,0
39,390427,2,3,07-Jul,14:36,2,0,2,0,6,2004,0,0,1,0,2,5,0,0
39,390473,1,1,29-Jun,10:05,0,1,2,0,880,2007,2,1,1,0,4,8,0,1
39,390500,1,2,19-Jul,02:25,0,1,3,0,32,2013,0,0,1,0,6,2,0,1
39,390539,1,2,04-Aug,04:15,0,1,2,0,884,2006,3,6,1,0,9,3,0,0
39,390542,1,2,08-Aug,09:23,0,1,2,0,884,2010,2,2,1,0,4,5,0,0
39,390550,1,2,15-Aug,02:10,0,0,2,0,402,2009,0,0,1,0,6,5,0,0
39,390583,2,3,22-Aug,21:06,6,0,2,0,37,2004,0,0,1,0,4,5,0,0
39,390619,1,2,26-Aug,07:24,0,1,2,0,43,2003,0,0,1,0,6,2,0,1
39,390683,1,2,13-Jul,00:42,0,0,3,0,401,2004,0,0,1,0,4,8,0,0
39,390776,1,2,06-Jun,23:18,0,0,3,0,422,2004,0,0,1,0,6,5,0,0
39,390887,1,1,17-Aug,21:20,0,0,2,0,2,2005,0,0,1,0,6,2,0,0
39,390897,1,2,17-Oct,10:07,0,1,3,0,884,2016,3,6,1,0,4,5,0,0
39,390924,1,2,27-Sep,02:36,0,0,2,0,41,2003,0,0,1,0,4,8,0,0
39,390932,2,3,30-Nov,14:45,6,0,3,0,404,1997,0,0,1,0,2,5,0,0
39,390976,1,2,01-Dec,15:07,0,0,3,0,442,2005,0,0,1,0,4,5,0,0
39,390976,1,3,01-Dec,15:07,0,0,3,0,402,2000,0,0,1,0,6,5,0,0
39,390987,1,2,09-Dec,21:44,0,0,2,0,884,2011,3,19,1,0,6,2,0,0
39,391031,1,1,23-Oct,21:57,0,0,2,0,402,1999,0,0,1,0,6,2,0,0
39,391043,1,2,31-Dec,03:41,0,0,2,0,32,2004,0,0,1,0,2,5,0,0
39,391043,1,3,31-Dec,03:41,0,0,2,0,401,2005,0,0,1,0,2,5,0,0
39,391047,1,2,06-Dec,03:45,0,0,2,0,32,2006,0,0,1,0,4,5,0,0
39,391049,1,2,05-Oct,15:19,0,0,2,0,481,2007,0,0,1,0,6,2,0,0
39,391049,1,3,05-Oct,15:19,0,0,2,0,881,2016,3,6,1,0,4,3,0,0
40,400008,1,2,16-Jan,00:48,0,0,3,0,998,2005,0,0,1,0,2,5,0,0
40,400038,1,2,09-Jan,11:10,0,2,2,0,471,2000,0,0,1,0,6,2,0,2
40,400060,1,2,31-Jan,22:16,0,0,2,0,881,2008,3,6,1,0,6,2,0,0
40,400093,1,2,09-Mar,09:30,0,0,2,0,442,2005,0,0,1,0,6,2,0,0
40,400121,1,2,17-Mar,00:43,0,0,2,0,20,2005,0,0,1,0,2,5,0,0
40,400121,1,3,17-Mar,00:43,0,0,2,0,23,2012,0,0,1,0,4,5,0,0
40,400135,1,2,24-Mar,18:00,0,0,4,0,884,2005,3,1,1,0,2,5,0,0
40,400162,1,2,18-May,00:06,0,0,2,0,34,2008,0,0,1,0,4,5,0,0
40,400168,1,2,16-May,23:10,0,0,3,0,481,2006,0,0,1,0,6,2,0,0
40,400220,1,2,24-Jun,16:31,0,1,2,0,881,2009,3,2,1,0,4,5,0,0
40,400238,1,1,06-Jun,12:52,0,1,2,0,881,2011,3,6,1,0,4,5,0,0
40,400255,1,2,03-Jul,06:10,0,0,2,0,998,2006,8,99,1,0,2,5,0,0
40,400311,1,2,09-Jul,02:23,0,0,2,0,481,2015,0,0,1,0,6,2,0,0
40,400383,1,2,04-Sep,16:05,0,1,4,0,884,2013,3,2,1,0,6,2,0,0
41,410075,1,2,31-Mar,11:15,0,0,2,0,881,2006,3,6,1,0,9,5,0,0
41,410194,1,2,26-Aug,21:47,0,0,2,0,46,2005,0,0,1,0,8,5,0,0
41,410232,1,2,08-Aug,07:15,0,0,2,0,881,2015,3,6,1,0,4,5,0,0
41,410255,2,3,18-Jul,02:27,6,0,2,0,2,2004,0,0,1,0,6,2,0,0
41,410255,2,4,18-Jul,02:27,6,0,2,0,32,1992,0,0,1,0,9,5,0,0
41,410255,2,5,18-Jul,02:27,6,0,2,0,404,2002,0,0,1,0,9,5,0,0
41,410255,2,6,18-Jul,02:27,6,0,2,0,32,1995,0,0,1,0,9,5,0,0
41,410255,2,7,18-Jul,02:27,6,0,2,0,4,1984,0,0,1,0,2,5,0,0
41,410266,2,3,26-Sep,15:21,6,0,2,0,38,1995,0,0,1,0,9,5,0,0
41,410266,2,4,26-Sep,15:21,6,0,2,0,40,1990,0,0,1,0,9,5,0,0
41,410355,2,3,17-Dec,09:15,6,0,2,0,881,2015,3,6,1,0,9,5,0,0
42,420061,1,2,03-Jan,01:28,0,0,2,0,442,1996,0,0,1,0,6,2,0,0
42,420061,1,3,03-Jan,01:28,0,0,2,0,442,1999,0,0,1,0,4,3,0,0
42,420061,1,4,03-Jan,01:28,0,0,2,0,482,2004,0,0,1,0,2,5,0,0
42,420143,1,2,04-Mar,02:25,0,0,2,0,881,2000,3,6,1,0,4,5,0,0
42,420198,1,2,29-Apr,21:42,0,0,3,0,43,2004,0,0,1,0,2,5,0,0
42,420222,1,2,15-Apr,03:20,0,1,2,0,881,2013,3,6,1,0,6,2,0,0
42,420222,1,3,15-Apr,03:20,0,1,2,0,881,2013,3,6,1,0,2,5,0,0
42,420252,2,3,16-May,06:00,6,0,3,0,401,2002,0,0,1,0,2,5,0,0
42,420315,1,2,04-May,13:46,0,0,2,0,2,1998,0,0,1,0,6,2,0,0
42,420317,1,2,30-May,01:15,0,0,2,0,17,1987,0,0,1,0,6,2,0,0
42,420331,2,2,10-Mar,15:45,0,0,2,0,402,2006,0,0,1,0,2,5,0,0
42,420331,2,3,10-Mar,15:45,0,2,2,0,46,2013,0,0,1,0,4,5,0,0
42,420334,1,2,18-May,15:34,0,0,3,0,401,2004,0,0,1,0,4,3,0,0
42,420334,1,3,18-May,15:34,0,0,3,0,482,2000,0,0,1,0,2,5,0,0
42,420349,2,3,11-May,16:35,7,0,3,0,29,2013,0,0,1,0,6,2,0,0
42,420349,2,4,11-May,16:35,7,0,3,0,481,2014,0,0,1,0,6,2,0,0
42,420349,2,5,11-May,16:35,7,0,3,0,2,2002,0,0,1,0,6,2,0,0
42,420355,1,2,29-May,13:30,0,0,2,0,481,9999,0,0,1,0,2,5,0,0
42,420361,2,3,02-May,02:29,6,0,2,0,402,2000,0,0,1,0,2,5,0,0
42,420361,2,4,02-May,02:29,6,0,3,0,2,2003,0,0,1,0,6,2,1,0
42,420361,2,5,02-May,02:29,6,0,2,0,499,9999,0,0,1,0,9,5,0,0
42,420369,1,2,09-May,23:44,0,0,2,0,47,2004,0,0,1,0,9,5,0,0
42,420432,2,3,04-Jun,20:36,2,1,2,0,44,1996,0,0,1,0,4,5,0,0
42,420438,2,3,04-Jun,00:52,2,0,2,0,20,2001,0,0,1,0,2,5,0,0
42,420453,1,2,28-Jun,03:23,0,0,3,0,399,1999,0,0,1,0,6,2,0,0
42,420453,1,3,28-Jun,03:23,0,0,3,0,404,2015,0,0,1,0,6,2,0,0
42,420544,1,2,10-Jun,23:49,0,3,2,0,407,2012,0,0,1,0,2,5,0,0
42,420622,1,2,03-Sep,13:50,0,0,3,0,402,2003,0,0,1,0,2,5,0,0
42,420631,1,2,05-Aug,21:30,0,0,3,0,472,2006,0,0,1,0,4,5,0,0
42,420679,1,2,26-Sep,99:99,0,0,3,0,35,2009,0,0,1,0,4,3,0,0
42,420697,1,2,22-Aug,15:11,0,0,3,0,401,2003,0,0,1,0,9,5,0,0
42,420704,18,1,07-Jan,13:41,0,0,2,0,404,1999,0,0,1,0,6,2,0,0
42,420704,18,2,07-Jan,13:41,0,0,2,0,884,2001,3,6,1,0,4,5,0,0
42,420704,18,3,07-Jan,13:41,0,0,2,0,423,2014,0,0,1,0,6,2,0,0
42,420704,18,4,07-Jan,13:41,0,0,2,0,32,2010,0,0,1,0,6,2,0,0
42,420713,3,4,16-Jul,15:50,1,0,3,0,24,2010,0,0,1,0,2,5,0,0
42,420718,1,2,18-Oct,03:59,0,0,3,0,404,2007,0,0,1,0,6,2,0,0
42,420741,2,3,11-Sep,08:17,6,0,3,0,404,1997,0,0,1,0,2,5,0,0
42,420767,1,2,20-Dec,02:41,0,0,2,0,884,9999,3,6,1,0,6,2,1,0
42,420767,1,3,20-Dec,02:41,0,0,2,0,884,9999,3,6,1,0,6,2,1,0
42,420769,2,3,12-Jul,03:06,6,0,2,0,14,2003,0,0,1,0,9,5,0,0
42,420769,2,4,12-Jul,03:06,6,0,2,0,34,2003,0,0,1,0,2,5,0,0
42,420769,2,5,12-Jul,03:06,6,0,2,0,482,2003,0,0,1,0,2,5,0,0
42,420780,1,2,06-Dec,00:54,0,0,2,0,43,2008,0,0,1,0,6,2,0,0
42,420780,1,3,06-Dec,00:54,0,0,2,0,481,2015,0,0,1,0,4,3,0,0
42,420796,1,2,21-Aug,10:30,0,0,2,0,884,2016,3,6,1,0,2,5,0,0
42,420837,1,2,27-Sep,02:25,0,0,3,0,481,2011,0,0,1,0,2,5,0,0
42,420895,2,3,25-Dec,20:45,2,0,2,0,404,2013,0,0,1,0,2,5,0,0
42,420928,1,2,07-Nov,21:16,0,0,3,0,881,2013,2,4,1,0,2,5,0,0
42,421037,2,3,09-Nov,05:17,1,0,2,0,881,2003,3,5,1,0,2,5,0,0
42,421043,1,2,15-Oct,23:55,0,1,2,0,881,2007,3,6,1,0,6,2,0,0
42,421046,1,2,12-Dec,00:28,0,1,2,1,881,2006,3,6,1,0,2,5,0,0
42,421049,1,2,08-Nov,18:45,0,2,2,0,43,2001,0,0,1,0,4,3,0,0
42,421053,1,2,11-Jun,17:56,0,0,2,0,404,2004,0,0,1,0,2,5,0,0
42,421053,1,3,11-Jun,17:56,0,0,2,0,481,1998,0,0,1,0,2,5,0,0
42,421053,1,4,11-Jun,17:56,0,0,2,0,2,1995,0,0,1,0,2,5,0,0
42,421070,1,2,23-Oct,05:40,0,1,2,0,804,2016,3,6,1,0,4,5,0,0
45,450054,1,2,30-Jan,21:30,0,0,3,0,32,1989,0,0,1,0,0,5,0,0
45,450091,2,1,13-Feb,14:25,8,0,3,0,481,2000,0,0,1,0,6,2,0,0
45,450123,1,1,27-Feb,20:30,0,0,4,0,481,2009,0,0,1,0,4,5,0,0
45,450129,1,2,07-Mar,15:35,0,0,3,0,442,1998,0,0,1,0,4,5,0,0
45,450147,1,2,16-Mar,00:30,0,0,3,0,482,2010,0,0,1,0,6,5,0,0
45,450208,1,1,15-Feb,20:58,0,0,2,0,481,2011,0,0,1,0,4,5,0,0
45,450272,2,1,05-May,05:28,0,0,2,0,881,2013,3,6,1,0,6,2,0,0
45,450341,1,1,01-Jun,06:45,0,0,3,0,481,2002,0,0,1,0,4,5,0,0
45,450341,1,2,01-Jun,06:45,0,0,3,0,481,1996,0,0,1,0,4,5,0,0
45,450341,1,3,01-Jun,06:45,0,0,3,0,482,2004,0,0,1,0,4,5,0,0
45,450341,1,4,01-Jun,06:45,0,0,3,0,482,2002,0,0,1,0,4,5,0,0
45,450427,1,1,15-Jul,14:05,0,1,3,0,401,2007,0,0,1,0,6,2,0,0
45,450447,2,3,21-Jul,20:00,6,0,3,0,43,2007,0,0,1,0,0,5,0,0
45,450454,1,2,03-Jan,17:54,0,0,2,0,2,2003,0,0,1,0,4,5,0,0
45,450536,1,2,15-Aug,12:08,0,0,3,0,403,2000,0,0,1,0,0,5,0,0
45,450800,1,2,26-Nov,03:45,0,0,3,0,401,1996,0,0,1,0,4,5,0,0
45,450800,1,3,26-Nov,03:45,0,0,3,0,43,2002,0,0,1,0,4,5,0,0
45,450800,1,4,26-Nov,03:45,0,0,3,0,401,2004,0,0,1,0,4,5,0,0
45,450880,1,1,20-Dec,02:10,0,0,3,0,401,1998,0,0,1,0,6,2,0,0
45,450880,1,2,20-Dec,02:10,0,0,3,0,481,1986,0,0,1,0,6,2,0,0
45,450880,1,3,20-Dec,02:10,0,0,3,0,441,2006,0,0,1,0,6,2,0,0
46,460011,1,2,14-Mar,02:12,0,0,2,0,431,1999,0,0,1,0,6,2,0,0
47,470040,1,2,29-Jan,07:50,0,0,2,0,881,2005,3,6,1,0,4,5,0,0
47,470049,1,1,01-Feb,01:18,0,2,2,0,472,2002,0,0,1,0,6,2,0,1
47,470195,2,3,09-Apr,09:35,6,0,3,0,481,2003,0,0,1,0,2,5,0,0
47,470214,1,2,22-Apr,23:40,0,0,3,0,402,2011,0,0,1,0,6,2,0,0
47,470265,2,3,10-May,20:53,1,0,3,0,32,2004,0,0,1,0,4,5,0,0
47,470268,1,2,12-Mar,21:41,0,0,2,0,2,2002,0,0,1,0,6,2,0,0
47,470268,1,3,12-Mar,21:41,0,0,2,0,482,1999,0,0,1,0,6,2,0,0
47,470280,1,2,09-May,22:35,0,0,2,0,2,2009,0,0,1,0,6,2,0,0
47,470296,4,2,18-May,13:35,0,0,3,0,401,2001,0,0,1,0,2,5,0,0
47,470296,4,5,18-May,13:35,0,0,3,0,472,2015,0,0,1,0,6,2,0,0
47,470320,1,2,29-Apr,16:56,0,0,3,0,3,2002,0,0,1,0,6,2,0,0
47,470368,1,2,19-Jun,11:29,0,0,3,0,51,2015,0,0,1,0,2,5,0,0
47,470495,1,2,11-Aug,18:43,0,0,3,0,482,2000,0,0,1,0,4,5,0,0
47,470710,1,2,21-Oct,99:99,0,1,4,0,881,1989,3,2,1,0,6,2,0,0
47,470753,1,2,09-Nov,09:00,0,0,2,0,481,2015,0,0,1,0,6,2,0,0
47,470757,1,2,14-Nov,18:59,0,0,2,0,401,2003,0,0,1,0,6,2,0,0
47,470828,1,2,08-Dec,19:34,0,0,2,0,421,1985,0,0,1,0,2,5,0,0
48,480005,1,1,01-Jan,18:27,0,4,2,0,988,2013,3,21,1,0,6,2,0,0
48,480084,1,2,09-Jan,22:10,0,1,2,0,881,1997,3,1,1,0,6,2,0,0
48,480126,1,2,19-Jan,05:52,0,0,2,0,481,2002,0,0,1,0,6,2,0,0
48,480142,1,2,22-Jan,06:35,0,2,2,0,881,2009,3,6,1,0,4,5,0,0
48,480182,1,2,18-Jan,21:23,0,0,3,0,482,2003,0,0,1,0,8,5,0,0
48,480182,1,3,18-Jan,21:23,0,0,3,0,482,2006,0,0,1,0,8,2,0,0
48,480182,1,4,18-Jan,21:23,0,0,3,0,482,2005,0,0,1,0,8,2,0,0
48,480191,1,2,23-Jan,22:00,0,0,3,0,3,2004,0,0,1,0,4,5,0,0
48,480207,1,2,27-Jan,01:55,0,0,3,0,34,2008,0,0,1,0,2,5,0,0
48,480271,1,2,10-Feb,16:30,0,1,2,0,470,1991,0,0,1,0,6,2,0,1
48,480297,2,3,08-Feb,22:18,6,0,3,0,481,1982,0,0,1,0,4,5,0,0
48,480354,1,2,21-Feb,17:35,0,2,2,0,482,2003,0,0,1,0,2,3,0,0
48,480356,2,3,22-Feb,20:40,6,0,3,0,482,2012,0,0,1,0,2,5,0,0
48,480356,2,4,22-Feb,20:40,6,0,3,0,482,2006,0,0,1,0,2,5,0,0
48,480364,1,2,23-Feb,04:18,0,1,2,0,881,2002,3,6,1,0,2,5,0,0
48,480375,1,2,27-Feb,23:10,0,0,4,0,882,2004,2,1,1,0,2,5,0,0
48,480380,1,2,19-Jan,22:01,0,0,2,0,403,2007,0,0,1,0,6,2,0,0
48,480445,2,3,06-Mar,01:47,2,0,3,0,47,2015,0,0,1,0,2,5,0,0
48,480445,2,4,06-Mar,01:47,2,0,3,0,47,2015,0,0,1,0,4,5,0,0
48,480445,2,5,06-Mar,01:47,2,0,3,0,47,2015,0,0,1,0,0,5,0,0
48,480445,2,6,06-Mar,01:47,2,0,3,0,47,2015,0,0,1,0,2,5,0,0
48,480445,2,7,06-Mar,01:47,2,0,3,0,47,2015,0,0,1,0,2,5,0,0
48,480456,1,2,07-Mar,16:12,0,1,2,0,401,2002,0,0,1,0,6,2,0,0
48,480459,1,2,08-Mar,19:16,0,1,2,0,421,2001,0,0,1,0,6,2,0,0
48,480469,1,2,10-Mar,12:08,0,0,2,0,881,2002,3,6,1,0,2,5,0,0
48,480524,2,2,14-Mar,21:55,0,1,2,0,481,1999,0,0,1,0,2,3,0,0
48,480602,2,3,29-Mar,01:17,1,0,2,0,43,2007,0,0,1,0,0,5,0,0
48,480612,3,4,04-Mar,19:36,1,0,2,0,47,2009,0,0,1,0,2,3,0,0
48,480751,5,6,12-Apr,02:28,7,0,2,0,481,2014,0,0,1,0,6,2,0,0
48,480751,5,7,12-Apr,02:28,7,2,2,0,9,2012,0,0,1,0,6,2,0,0
48,480751,5,8,12-Apr,02:28,7,0,2,0,481,2007,0,0,1,0,6,2,0,0
48,480751,5,9,12-Apr,02:28,7,2,2,0,37,2009,0,0,1,0,6,2,0,0
48,480761,1,2,16-Apr,01:57,0,0,3,0,402,1998,0,0,1,0,6,2,0,0
48,480772,1,2,19-Apr,01:57,0,2,2,0,21,2006,0,0,1,0,6,2,0,0
48,480772,1,3,19-Apr,01:57,0,2,2,0,481,2004,0,0,1,0,6,2,0,0
48,480813,1,2,31-Mar,16:04,0,1,4,0,881,2009,2,1,1,0,6,2,0,0
48,480827,2,3,15-Apr,12:30,6,0,3,0,482,1997,0,0,1,0,4,5,0,0
48,480831,2,3,17-Apr,21:45,1,4,3,0,2,2013,0,0,1,0,2,5,0,0
48,480831,2,4,17-Apr,21:45,1,3,3,0,441,2014,0,0,1,0,2,5,0,0
48,480984,1,2,02-Apr,23:36,0,1,2,0,27,2013,0,0,1,0,6,2,0,1
48,481012,1,2,13-May,10:58,0,0,2,0,7,2005,0,0,1,0,6,2,0,0
48,481021,1,2,15-May,00:55,0,0,4,0,881,1996,3,1,1,0,6,2,0,0
48,481080,1,2,15-Apr,01:15,0,0,3,0,442,2002,0,0,1,0,2,5,0,0
48,481184,5,6,27-May,16:40,1,5,2,0,421,2006,0,0,1,0,6,2,0,0
48,481275,1,2,08-Jun,01:39,0,0,2,0,881,2006,3,6,1,0,6,2,0,0
48,481289,2,3,13-Jun,13:29,1,0,3,0,421,1999,0,0,1,0,4,5,0,0
48,481319,1,2,12-Jun,00:45,0,0,2,0,18,2011,0,0,1,0,6,2,0,0
48,481319,1,3,12-Jun,00:45,0,0,2,0,806,2012,2,1,1,0,2,5,0,0
48,481410,1,2,26-Jun,18:12,0,0,3,0,37,2014,0,0,1,0,2,5,0,0
48,481458,1,2,27-Jun,01:19,0,0,3,0,402,1978,0,0,1,0,2,5,0,0
48,481458,1,3,27-Jun,01:19,0,0,3,0,7,2000,0,0,1,0,2,5,0,0
48,481482,1,2,03-Jul,03:51,0,0,2,0,881,2007,3,6,1,0,6,2,0,0
48,481486,1,2,04-Jul,01:21,0,0,2,0,999,2007,0,0,1,0,2,5,0,0
48,481506,1,2,06-Jul,16:24,0,0,2,0,881,2006,3,6,1,0,2,3,0,0
48,481538,1,2,13-Jul,19:40,0,0,2,0,38,2005,0,0,1,0,2,5,0,0
48,481538,1,3,13-Jul,19:40,0,0,2,0,37,2010,0,0,1,0,2,5,0,0
48,481589,1,2,16-Jul,01:57,0,0,2,0,35,2003,0,0,1,0,6,2,0,0
48,481603,1,2,19-Jul,23:17,0,0,2,0,16,1996,0,0,1,0,2,3,0,0
48,481607,2,3,20-Jul,01:30,0,1,2,0,881,2006,3,6,1,0,6,2,0,0
48,481611,1,2,23-Jul,01:30,0,0,2,0,881,2001,3,6,1,0,6,2,0,0
48,481622,1,2,10-Jul,14:26,0,0,2,0,481,2004,0,0,1,0,4,5,0,0
48,481682,1,1,24-Jul,11:45,0,0,2,0,32,2012,0,0,1,0,6,2,0,0
48,481698,1,2,13-Jul,00:20,0,0,3,0,401,2006,0,0,1,0,4,5,0,0
48,481698,1,3,13-Jul,00:20,0,0,3,0,43,2014,0,0,1,0,2,5,0,0
48,481713,2,3,26-Jul,04:40,1,2,2,0,422,2015,0,0,1,0,2,5,0,0
48,481743,2,2,22-Jul,18:47,0,2,2,0,40,2007,0,0,1,0,6,2,0,0
48,481913,1,2,22-Jul,13:35,0,1,2,0,881,2014,3,6,1,0,2,3,0,0
48,482038,1,2,03-Sep,02:17,0,0,3,0,881,2012,3,6,1,0,6,2,0,0
48,482038,1,3,03-Sep,02:17,0,0,3,0,881,2015,3,6,1,0,2,5,0,0
48,482094,2,3,11-Jun,04:30,6,1,2,0,482,2015,0,0,1,0,2,3,0,0
48,482113,1,2,11-Sep,08:50,0,0,2,0,881,2006,2,1,1,0,2,5,0,0
48,482126,1,2,16-Sep,12:31,0,1,2,0,51,2010,0,0,1,0,6,2,0,1
48,482152,1,2,07-Sep,06:48,0,0,2,0,481,2006,0,0,1,0,2,5,0,0
48,482176,1,2,21-Sep,22:00,0,1,2,0,471,2000,0,0,1,0,6,2,0,0
48,482185,1,1,25-Sep,02:25,0,0,2,0,24,2014,0,0,1,0,6,2,0,0
48,482263,4,5,20-Sep,21:21,6,0,2,0,3,2003,0,0,1,0,6,2,0,0
48,482263,4,6,20-Sep,21:21,6,0,2,0,24,2010,0,0,1,0,2,5,0,0
48,482276,1,2,30-Sep,16:05,0,0,3,0,402,2007,0,0,1,0,6,2,0,0
48,482329,3,2,06-Oct,23:57,0,1,2,0,49,2007,0,0,1,0,6,2,0,0
48,482330,1,2,06-Oct,02:04,0,2,2,0,706,2005,0,0,1,0,6,2,0,2
48,482335,1,2,07-Oct,02:11,0,0,3,0,17,1995,0,0,1,0,2,5,0,0
48,482405,1,2,16-Oct,21:20,0,0,2,0,481,1999,0,0,1,0,2,5,0,0
48,482408,1,2,17-Oct,03:11,0,0,2,0,471,2003,0,0,1,0,8,5,1,0
48,482462,1,2,09-Oct,22:40,0,0,3,0,880,2007,2,1,1,0,4,5,0,0
48,482479,1,2,19-Oct,08:05,0,1,2,0,881,2006,3,6,1,0,6,2,0,0
48,482515,1,2,24-Oct,02:30,0,2,2,0,19,2007,0,0,1,0,6,2,0,0
48,482524,1,2,28-Oct,07:14,0,0,2,0,881,2005,3,5,1,0,2,3,0,0
48,482550,1,2,21-Oct,09:15,0,0,3,0,481,2008,0,0,1,0,6,2,0,0
48,482577,2,3,28-Oct,09:50,6,0,3,0,481,2014,0,0,1,0,2,3,0,0
48,482596,1,2,29-Oct,11:40,0,0,2,0,881,1996,3,6,1,0,6,2,0,0
48,482610,1,2,01-Nov,06:27,0,0,3,0,881,2015,3,6,1,0,6,2,0,0
48,482621,2,2,02-Nov,15:28,0,1,2,0,881,2012,3,6,1,0,6,2,0,0
48,482639,1,2,04-Nov,05:30,0,0,2,0,20,1993,0,0,1,0,6,2,0,0
48,482649,1,2,06-Nov,13:57,0,0,2,0,881,1999,3,6,1,0,2,3,0,0
48,482657,1,2,08-Nov,04:43,0,0,3,0,482,2007,0,0,1,0,6,2,0,0
48,482725,1,2,26-Nov,14:18,0,0,3,0,482,2011,0,0,1,0,4,5,0,0
48,482777,1,2,22-Nov,12:49,0,0,2,0,22,2007,0,0,1,0,6,2,0,0
48,482935,1,2,07-Dec,00:35,0,0,2,0,472,2004,0,0,1,0,6,2,0,0
48,482943,2,2,08-Dec,11:22,0,0,2,0,881,2004,2,1,1,0,2,3,0,0
48,482997,1,2,15-Dec,12:45,0,0,2,0,881,2005,3,6,1,0,2,3,0,0
48,483000,1,2,15-Dec,08:40,0,0,3,0,47,2010,0,0,1,0,2,3,0,0
48,483018,1,2,21-Dec,06:55,0,2,2,0,881,2003,3,6,1,0,6,2,0,0
48,483026,1,2,23-Dec,04:45,0,0,3,0,1,1993,0,0,1,0,4,5,0,0
48,483026,1,3,23-Dec,04:45,0,0,3,0,404,2001,0,0,1,0,2,5,0,0
48,483029,1,2,25-Dec,01:21,0,0,2,0,880,2012,2,1,1,0,4,5,0,0
48,483072,1,2,22-Dec,06:31,0,0,3,0,421,1998,0,0,1,0,2,5,0,0
48,483169,1,2,24-Dec,19:10,0,0,2,0,402,2003,0,0,1,0,2,5,0,0
48,483172,1,2,06-Jul,02:25,0,0,2,0,421,2004,0,0,1,0,2,5,0,0
49,490022,1,2,10-Feb,03:02,0,0,2,0,481,1999,0,0,1,0,6,2,0,0
49,490022,1,3,10-Feb,03:02,0,1,2,0,481,2009,0,0,1,0,2,5,0,0
49,490079,1,2,15-May,10:30,0,0,2,0,999,1998,0,0,1,0,6,2,0,0
49,490110,1,2,22-Jun,14:20,0,0,2,0,40,2008,0,0,1,0,6,2,0,0
49,490121,1,2,02-Jul,21:00,0,1,2,0,32,2007,0,0,1,0,6,2,0,0
49,490127,1,2,05-Jul,02:27,0,0,2,0,881,2013,3,6,1,0,4,5,0,0
49,490147,2,3,01-Aug,17:48,1,0,3,0,16,1998,0,0,1,0,6,2,0,0
49,490208,1,2,10-Jul,22:39,0,0,2,0,850,1993,0,0,1,0,2,5,0,0
50,500027,1,2,17-Aug,15:12,0,0,2,0,881,1999,3,6,1,0,6,2,0,0
50,500046,1,2,03-Dec,12:35,0,0,3,0,999,9999,0,0,1,0,8,8,0,0
51,510021,1,2,20-Jan,17:34,0,0,2,0,881,2003,2,1,1,0,6,2,0,0
51,510100,1,2,24-Feb,05:07,0,0,3,0,884,2012,3,6,1,0,8,2,0,0
51,510109,1,2,17-Mar,18:38,0,0,2,0,404,2004,0,0,1,0,6,2,0,0
51,510124,2,3,31-Jan,02:33,6,0,3,0,21,2007,0,0,1,0,8,8,0,0
51,510124,2,4,31-Jan,02:33,6,0,3,0,39,2008,0,0,1,0,8,8,0,0
51,510146,2,3,13-Apr,14:45,1,0,2,0,51,2004,0,0,1,0,8,8,0,0
51,510172,1,2,25-Mar,13:00,0,2,3,0,7,1994,0,0,1,0,6,2,0,1
51,510172,1,3,25-Mar,13:00,0,1,3,0,482,1997,0,0,1,0,9,2,0,0
51,510232,1,2,25-May,20:20,0,0,3,0,481,2001,0,0,1,0,8,8,0,0
51,510264,1,2,05-Apr,00:43,0,0,2,0,32,2010,0,0,1,0,6,2,0,0
51,510287,3,4,24-Jun,18:59,6,0,3,0,401,2003,0,0,1,0,8,8,0,0
51,510294,2,2,19-Jun,03:49,0,0,4,0,884,2004,2,1,1,0,8,8,0,0
51,510369,1,2,25-Jul,02:13,0,0,2,0,35,2003,0,0,1,0,8,2,0,0
51,510384,1,2,05-Aug,22:30,0,0,2,0,36,1997,0,0,1,0,6,2,0,0
51,510416,2,3,25-Aug,17:22,6,0,3,0,17,2002,0,0,1,0,6,2,0,0
51,510455,1,2,12-Sep,15:00,0,2,2,0,481,2011,0,0,1,0,6,2,0,0
51,510455,1,3,12-Sep,15:00,0,0,2,0,17,2006,0,0,1,0,6,2,0,0
51,510492,2,3,12-Sep,20:53,1,0,2,0,36,1996,0,0,1,0,8,8,0,0
51,510573,2,3,15-Oct,16:20,6,0,2,0,461,2014,0,0,1,0,6,2,0,0
51,510606,1,2,22-Nov,00:40,0,0,3,0,461,1990,0,0,1,0,6,2,0,0
51,510606,1,3,22-Nov,00:40,0,0,3,0,461,2012,0,0,1,0,8,2,0,0
51,510606,1,4,22-Nov,00:40,0,0,3,0,470,1997,0,0,1,0,8,8,0,0
51,510699,1,2,28-Dec,16:45,0,0,2,0,401,2002,0,0,1,0,6,2,0,0
51,510699,1,3,28-Dec,16:45,0,1,3,0,481,2005,0,0,1,0,6,2,0,0
51,510701,1,2,29-Nov,11:05,0,0,3,0,12,2002,0,0,1,0,8,2,0,0
51,510703,3,4,05-Nov,03:40,1,0,3,0,481,2012,0,0,1,0,8,8,0,0
53,530018,1,2,09-Jan,16:56,0,1,2,0,34,2000,0,0,1,0,8,2,0,0
53,530021,1,2,18-Jan,16:26,0,0,2,0,442,2014,0,0,1,0,8,5,0,0
53,530081,2,3,05-Mar,17:52,0,0,3,0,40,2000,0,0,1,0,8,5,0,0
53,530087,1,2,29-Mar,00:40,0,0,3,0,881,1978,3,2,1,0,8,5,0,0
53,530143,2,3,09-May,02:00,6,0,3,0,31,2000,0,0,1,0,8,5,0,0
53,530143,2,4,09-May,02:00,6,0,3,0,22,2015,0,0,1,0,8,5,0,0
53,530192,1,2,25-Jun,12:40,0,1,2,0,3,1988,0,0,1,0,6,2,0,0
53,530200,1,2,16-Jun,01:46,0,0,3,0,50,2003,0,0,1,0,8,5,0,0
53,530200,1,3,16-Jun,01:46,0,0,3,0,404,2007,0,0,1,0,8,5,0,0
53,530200,1,4,16-Jun,01:46,0,0,3,0,18,1999,0,0,1,0,8,5,0,0
53,530200,1,5,16-Jun,01:46,0,0,3,0,34,2006,0,0,1,0,8,5,0,0
53,530255,1,2,28-Jul,10:38,0,0,3,0,482,1998,0,0,1,0,8,5,0,0
53,530255,1,3,28-Jul,10:38,0,0,3,0,398,2002,0,0,1,0,8,5,0,0
53,530255,1,4,28-Jul,10:38,0,0,3,0,472,1997,0,0,1,0,8,5,0,0
53,530271,1,2,02-Aug,21:42,0,0,3,0,442,1997,0,0,1,0,8,5,0,0
53,530283,1,2,08-Aug,14:10,0,1,2,0,31,2008,0,0,1,0,6,2,0,1
53,530366,1,2,16-Sep,14:50,0,0,2,0,472,2004,0,0,1,0,8,5,0,0
53,530375,2,3,11-Sep,09:17,1,0,3,0,401,1999,0,0,1,0,8,5,0,0
53,530461,1,2,18-Nov,21:03,0,0,3,0,870,1997,2,19,1,0,8,5,0,0
53,530461,1,3,18-Nov,21:03,0,0,3,0,22,2005,0,0,1,0,8,5,0,0
53,530461,1,4,18-Nov,21:03,0,0,3,0,398,2001,0,0,1,0,8,5,0,0
53,530473,1,2,27-Nov,10:15,0,0,2,0,482,1998,0,0,1,0,8,5,0,0
53,530500,1,2,18-Dec,16:28,0,1,2,0,27,2013,0,0,1,0,6,2,0,0
54,540025,1,2,10-Feb,13:57,0,0,2,0,481,2007,0,0,1,0,6,2,0,0
54,540033,1,2,02-Mar,10:22,0,0,2,0,3,2000,0,0,1,0,6,2,0,0
54,540135,5,6,10-Jul,12:30,1,0,2,0,17,2014,0,0,1,0,6,2,0,0
54,540148,4,5,11-Jun,13:58,1,0,4,0,481,2011,2,1,1,0,4,5,0,0
54,540161,1,2,16-Aug,00:21,0,0,3,0,8,2010,0,0,1,0,6,2,0,0
54,540164,2,3,02-Aug,21:30,2,0,2,0,482,1997,0,0,1,0,2,5,0,0
54,540165,1,2,06-Aug,02:30,0,0,3,0,482,2014,0,0,1,0,2,5,0,0
54,540165,1,3,06-Aug,02:30,0,0,3,0,482,2009,0,0,1,0,2,5,0,0
54,540165,1,4,06-Aug,02:30,0,0,3,0,401,1996,0,0,1,0,4,5,0,0
55,550090,2,3,15-Mar,13:11,6,0,2,0,36,2002,0,0,1,0,4,5,0,0
55,550231,1,2,04-Jul,02:35,0,0,3,0,34,2006,0,0,1,0,2,5,0,0
55,550231,1,3,04-Jul,02:35,0,0,3,0,33,2008,0,0,1,0,2,5,0,0
55,550231,1,4,04-Jul,02:35,0,0,3,0,1,2003,0,0,1,0,2,5,0,0
55,550276,1,2,07-Aug,10:55,0,0,2,0,481,2013,0,0,1,0,0,5,0,0
55,550380,1,2,08-Nov,19:13,0,2,2,0,442,2010,0,0,1,0,6,2,0,1
55,550452,1,2,12-Oct,13:52,0,4,3,0,442,2001,0,0,1,0,6,2,0,0
55,550464,1,1,01-Dec,20:38,0,0,2,0,884,2015,3,7,1,0,0,3,0,0
55,550529,2,2,13-Jun,23:26,2,4,2,0,40,2012,0,0,1,0,6,2,0,1
55,550529,2,3,13-Jun,23:26,2,3,2,0,442,2003,0,0,1,0,6,2,0,0
56,560028,1,2,22-Apr,09:00,0,0,2,0,881,2006,3,6,1,0,6,2,0,0
56,560028,1,3,22-Apr,09:00,0,1,2,0,881,2016,3,5,1,0,6,2,0,0
56,560031,18,8,20-Apr,07:45,6,2,3,0,881,2015,3,6,1,0,6,5,1,0
56,560103,1,2,30-Sep,18:45,0,0,2,0,442,2013,0,0,1,0,6,2,0,0
56,560103,1,3,30-Sep,18:45,0,0,2,0,31,2015,0,0,1,0,6,2,0,0
56,560103,1,4,30-Sep,18:45,0,0,2,0,37,1999,0,0,1,0,6,2,0,0
